,COMPND,AUTHOR,MASTER,vina_affinity,vina_rmsd_lb,vina_rmsd_ub,vina_rmsd_input,vina_rmsd_input_min,vina_gauss1,vina_gauss2,vina_repulsion,vina_hydrophobic,vina_hydrogen,vina_intra_gauss1,vina_intra_gauss2,vina_intra_repulsion,vina_intra_hydrophobic,vina_intra_hydrogen,vina_num_rotors,rfscore_v3,name
180,5892,    GENERATED BY OPEN BABEL 2.4.1,        0    0    0    0    0    0    0    0   71    0   71    0,-11.337108219527135,0.0,0.0,6.513897,6.513897,162.6689672702701,2479.8014063035544,4.683918496938167,0.8034686411685703,6.732600776095293,46.49497501794014,520.5640679993564,2.123050953043889,0.0,2.114107476848824,11.0,5.783167778610284,B2AR_Nico_dock.pdb
184,5892,    GENERATED BY OPEN BABEL 2.4.1,        0    0    0    0    0    0    0    0   71    0   71    0,-10.540201821765347,4.712,8.968,6.3992677,6.3992677,136.2560924718502,2299.4988283423518,2.0390489218375647,14.129202780954467,3.1065705699471957,59.49311034417463,626.6047398206892,1.3201963887311556,0.0,2.71831717648578,11.0,6.103544791042293,B2AR_Nico_dock.pdb
185,5892,    GENERATED BY OPEN BABEL 2.4.1,        0    0    0    0    0    0    0    0   71    0   71    0,-10.512021245349807,3.571,6.45,0.9023785,0.9023785,122.48275733906151,2442.8807100392137,4.399713969536196,10.254643611172057,6.212398697304501,51.19899786646554,583.3291194468998,2.0029696219165523,0.0,4.881955857960742,11.0,5.990835555111558,B2AR_Nico_dock.pdb
36,192764,    GENERATED BY OPEN BABEL 2.4.1,        0    0    0    0    0    0    0    0   94    0   94    0,-10.50455111394174,0.0,0.0,9.698325,9.675061999999999,161.5048126905925,2812.477287118975,2.9773899027036523,96.80315421158855,2.787288908652271,90.98195950417043,691.5073579592944,3.2875350613420427,6.109442601509321,5.425728959403089,20.0,7.8711297445332455,B2AR_Gast_dock.pdb
181,5892,    GENERATED BY OPEN BABEL 2.4.1,        0    0    0    0    0    0    0    0   71    0   71    0,-10.440432305946144,3.0789999999999997,5.928999999999999,6.8786369999999994,6.8786369999999994,125.98969906194642,2358.959196496474,2.984051747962569,12.72120435757948,4.363674530890815,64.62864535060584,607.1283868080384,2.7578882970742726,0.0,5.775360452857855,11.0,5.820466265068276,B2AR_Nico_dock.pdb
182,5892,    GENERATED BY OPEN BABEL 2.4.1,        0    0    0    0    0    0    0    0   71    0   71    0,-10.4063358815098,3.73,9.19,6.7428193,6.7428193,127.67077481137228,2360.5207469676293,1.6768085524878158,17.249851464490785,2.0110660669670857,47.28400584620307,632.1751528372697,1.626881165394781,0.0,5.1662200828585165,11.0,6.110688039238546,B2AR_Nico_dock.pdb
38,192764,    GENERATED BY OPEN BABEL 2.4.1,        0    0    0    0    0    0    0    0   94    0   94    0,-10.360477135585477,2.752,7.567,9.475659,9.454034,187.02750782619128,2806.7788443245736,3.5062314769457954,93.7613118707164,1.6955530883570744,93.63986533439714,814.5247725077327,1.9518048854511971,15.54037300365438,0.0,20.0,7.893141908979912,B2AR_Gast_dock.pdb
1,5893,    GENERATED BY OPEN BABEL 2.4.1,        0    0    0    0    0    0    0    0   72    0   72    0,-10.260825662366035,2.661,8.064,1.4113258,1.4113258,139.4533824847158,2319.887013533959,2.3337293819015823,18.888124858170507,2.088362977994902,66.88482657357325,687.2102037258389,1.981308455395605,0.0,5.613325575415801,11.0,6.16952817560218,B2AR_CD38L_dock.pdb
183,5892,    GENERATED BY OPEN BABEL 2.4.1,        0    0    0    0    0    0    0    0   71    0   71    0,-10.210654379535047,3.248,6.015,4.044484,4.044484,116.10969120299512,2394.83231862732,2.8992624952630357,7.4898006542388424,4.195671541532242,52.695331592562475,561.7564766435885,2.4343059329258607,0.0,6.7075190508384015,11.0,5.9602150976801,B2AR_Nico_dock.pdb
5,5893,    GENERATED BY OPEN BABEL 2.4.1,        0    0    0    0    0    0    0    0   72    0   72    0,-10.160610044530708,2.931,8.785,4.248424,4.248424,122.8809790457903,2398.1830158960765,2.149718614099273,15.316794068673664,2.0748203682542954,49.486702948430576,605.0470951474275,0.8964771956507207,0.0,3.1289231761706606,11.0,6.105677052225556,B2AR_CD38L_dock.pdb
0,5893,    GENERATED BY OPEN BABEL 2.4.1,        0    0    0    0    0    0    0    0   72    0   72    0,-10.106489135991437,0.0,0.0,8.225299,8.225299,120.03042478454701,2384.726256818889,2.859548521360898,9.501271513448183,3.5779734502686744,52.98742448428649,557.6411978085887,2.229912221799566,0.0,6.498130065770152,11.0,5.951422894216898,B2AR_CD38L_dock.pdb
187,5892,    GENERATED BY OPEN BABEL 2.4.1,        0    0    0    0    0    0    0    0   71    0   71    0,-10.090206138602131,4.136,8.892000000000001,7.0517387000000005,7.0517387000000005,117.1443844043555,2303.4221229587642,1.8851733940497135,16.82960691839834,2.5895775088523028,53.857300759961106,623.6346354241292,2.337111230280265,0.0,5.695400206036798,11.0,6.0741630334665375,B2AR_Nico_dock.pdb
37,192764,    GENERATED BY OPEN BABEL 2.4.1,        0    0    0    0    0    0    0    0   94    0   94    0,-10.079362175062718,2.303,7.127000000000001,9.408994,9.386738000000001,151.765073136675,2781.5934241226587,2.5645623526668433,89.8149596026621,1.904743683022596,97.88558506864264,798.3737880127883,1.2672193008914254,13.954808080469796,2.3642093291985145,20.0,7.89473287573538,B2AR_Gast_dock.pdb
137,    ***** ,    GENERATED BY OPEN BABEL 2.4.1,        0    0    0    0    0    0    0    0  120    0  120    0,-10.073854955439748,2.238,9.613999999999999,1.1140887,0.9429238000000001,180.92528910587131,3229.0331955542833,5.155158651716188,95.86058850493684,3.544160719874531,162.29161739380692,1066.605904667921,5.3055239320797645,54.77388075193119,0.0,24.0,7.9293657836052915,B2AR_GHRP6_dock.pdb
3,5893,    GENERATED BY OPEN BABEL 2.4.1,        0    0    0    0    0    0    0    0   72    0   72    0,-10.065482818253516,3.195,9.201,4.9792255999999995,4.9792255999999995,111.5339607986846,2148.485573232885,2.0231167973971296,12.92402714659646,4.6535114249622636,79.79515971655678,586.467449262334,2.2971297819063023,0.0,5.056906732566328,11.0,5.932183250638253,B2AR_CD38L_dock.pdb
188,5892,    GENERATED BY OPEN BABEL 2.4.1,        0    0    0    0    0    0    0    0   71    0   71    0,-10.031437331523996,4.423,10.414000000000001,8.951210000000001,8.951210000000001,114.6518253986225,2182.1911410629777,2.67510130532214,16.940233201677554,4.765653992121764,75.48841741083658,565.7520363139673,1.566666906289397,0.0,3.1072900422606198,11.0,5.970084034632037,B2AR_Nico_dock.pdb
4,5893,    GENERATED BY OPEN BABEL 2.4.1,        0    0    0    0    0    0    0    0   72    0   72    0,-10.018826044551188,3.3360000000000003,6.24,7.1813784,7.1813784,117.51465433411465,2229.619541614189,2.4115724561451524,13.056461757626915,3.9949252651880895,68.14428711325402,602.8944261780273,2.2933282735065186,0.0,4.623088822915623,11.0,5.956204560772567,B2AR_CD38L_dock.pdb
2,5893,    GENERATED BY OPEN BABEL 2.4.1,        0    0    0    0    0    0    0    0   72    0   72    0,-9.99421703700104,3.695,7.202999999999999,7.857745599999999,7.857745599999999,126.10367744035185,2326.4950477162824,3.2537701331590827,14.006286972266315,3.701936245904173,52.16086976806557,652.4585195057509,1.407986953304328,0.0,4.866354173905833,11.0,5.766855534909547,B2AR_CD38L_dock.pdb
39,192764,    GENERATED BY OPEN BABEL 2.4.1,        0    0    0    0    0    0    0    0   94    0   94    0,-9.985050091500002,2.6839999999999997,4.67,8.857224,8.833985,157.6222991895412,2723.7184288263925,1.9371445856487188,82.6612015867618,1.239541790311304,102.53556210202551,774.8448324269436,1.0310118565361697,24.493965074591824,1.1702438016915897,20.0,7.901584100344106,B2AR_Gast_dock.pdb
40,192764,    GENERATED BY OPEN BABEL 2.4.1,        0    0    0    0    0    0    0    0   94    0   94    0,-9.942253955751157,2.024,3.054,9.793892,9.757024000000001,143.65704069510195,2728.1619812319627,3.0355378644543363,88.93609232376497,3.085825515596155,108.98795542487652,795.3904970822122,3.3652372425979413,17.02629834106957,3.451848440269834,20.0,7.858703137251638,B2AR_Gast_dock.pdb
41,192764,    GENERATED BY OPEN BABEL 2.4.1,        0    0    0    0    0    0    0    0   94    0   94    0,-9.905573033723304,2.785,5.763999999999999,10.903253,10.903253,151.60885962121972,2639.618599184364,2.66905414441426,86.4140097297713,2.8726743588855914,99.18785931063732,750.9046282925326,1.8242559460680607,11.117329218382983,0.8222282080228397,20.0,7.870407038406043,B2AR_Gast_dock.pdb
186,5892,    GENERATED BY OPEN BABEL 2.4.1,        0    0    0    0    0    0    0    0   71    0   71    0,-9.879183415529745,3.883,10.716,8.336393,8.336393,105.12144112984646,2336.8043235360988,3.616750189074924,16.607882762531702,4.925618064075639,64.70610850629129,592.187980020781,2.651207186465779,0.0,6.586207720378046,11.0,5.915878059440564,B2AR_Nico_dock.pdb
6,5893,    GENERATED BY OPEN BABEL 2.4.1,        0    0    0    0    0    0    0    0   72    0   72    0,-9.825753473201685,3.4589999999999996,6.582999999999999,8.852155999999999,8.852155999999999,99.02816527486,2177.0222337237587,1.7431533909892811,11.997692948373118,4.144664820017822,85.42825509064818,584.4459889313144,1.05198790724845,0.0,2.3577481973928145,11.0,5.950983407092912,B2AR_CD38L_dock.pdb
44,192764,    GENERATED BY OPEN BABEL 2.4.1,        0    0    0    0    0    0    0    0   94    0   94    0,-9.801955215897063,2.891,9.875,4.5521455,4.503545,147.76480676538853,2718.7837234158037,2.224297128576976,85.48452145737953,1.4459873418635214,92.1185932868076,755.7332176032245,3.749139654896819,9.964363692860562,3.828208779836588,20.0,8.178712276501281,B2AR_Gast_dock.pdb
43,192764,    GENERATED BY OPEN BABEL 2.4.1,        0    0    0    0    0    0    0    0   94    0   94    0,-9.758441032207363,3.213,7.406000000000001,6.829607000000001,6.822247,140.9139953325915,2651.041442705297,2.549271357887429,85.87135180804029,2.7380041803298445,116.97571345239618,798.3512063399178,5.281414435132188,32.10159221920409,3.9730060195336394,20.0,8.074361376678885,B2AR_Gast_dock.pdb
7,5893,    GENERATED BY OPEN BABEL 2.4.1,        0    0    0    0    0    0    0    0   72    0   72    0,-9.683372747586247,2.096,8.972000000000001,4.818554,4.818554,105.3171608582144,2307.075948012107,2.402511568899848,16.817398711461543,2.8767279650198723,60.38864018944115,474.7276667808314,1.4540128318422232,0.0,3.5238455002501916,11.0,5.988539236208237,B2AR_CD38L_dock.pdb
141,    ***** ,    GENERATED BY OPEN BABEL 2.4.1,        0    0    0    0    0    0    0    0  120    0  120    0,-9.642192261731804,2.145,9.764,3.3634415,3.3478196000000002,167.1775669944124,3141.5430808941164,6.636330734977622,86.38615142891523,6.065264764931539,135.5079061068525,1056.2765090341134,3.969547619557056,23.580436215879274,0.8392187446083886,24.0,7.984028816072823,B2AR_GHRP6_dock.pdb
138,    ***** ,    GENERATED BY OPEN BABEL 2.4.1,        0    0    0    0    0    0    0    0  120    0  120    0,-9.602071646154345,2.039,4.44,9.380435,9.380435,164.6891233536379,3064.761877796213,4.423598993146423,90.88505687692422,3.2913693601363367,189.05875759843545,1066.8719703958695,5.7761658255625035,69.16010283383895,4.2814045485288785,24.0,7.9363801612276665,B2AR_GHRP6_dock.pdb
139,    ***** ,    GENERATED BY OPEN BABEL 2.4.1,        0    0    0    0    0    0    0    0  120    0  120    0,-9.571389682111116,3.49,10.29,4.1738653,4.1316442,171.39039269974592,3250.2828075518178,4.948626735413328,61.5685002935459,3.6328034517214975,181.81345344524516,971.1983502436163,5.448664673475625,92.58534845917237,1.0381312547621706,24.0,7.586427518925523,B2AR_GHRP6_dock.pdb
8,5893,    GENERATED BY OPEN BABEL 2.4.1,        0    0    0    0    0    0    0    0   72    0   72    0,-9.457227812280813,3.2089999999999996,5.651,8.226935000000001,8.226935000000001,106.31493101146764,2081.5605817957544,1.5276350826189709,8.398252123745229,3.4169072968750513,75.84308114615834,614.7713252444444,1.6291697631444362,0.0,4.1547514860903085,11.0,5.980195758463763,B2AR_CD38L_dock.pdb
135,    ***** ,    GENERATED BY OPEN BABEL 2.4.1,        0    0    0    0    0    0    0    0  120    0  120    0,-9.403199424098398,0.0,0.0,9.700117,9.684451,154.44139437073574,3047.022830030546,2.3156023597819093,72.62952664850735,1.3293859792690486,169.88383465875154,1001.4752047419713,5.7170797168477865,54.68863817078555,5.708760380490327,24.0,7.619787584138089,B2AR_GHRP6_dock.pdb
142,    ***** ,    GENERATED BY OPEN BABEL 2.4.1,        0    0    0    0    0    0    0    0  120    0  120    0,-9.24918072161244,2.265,4.51,9.852808999999999,9.852808999999999,144.75707752336882,3027.452046379992,4.469709439315562,79.60673715993455,4.123314123194195,185.29032932971626,1095.9100753738735,10.979589362347848,40.25419124139082,3.0498394572083067,24.0,7.883787428182933,B2AR_GHRP6_dock.pdb
136,    ***** ,    GENERATED BY OPEN BABEL 2.4.1,        0    0    0    0    0    0    0    0  120    0  120    0,-9.239741247782275,2.4819999999999998,4.355,9.803889999999999,9.803889999999999,156.8059744426748,3009.4514867012263,4.872325041758773,84.28943547068792,3.808295482431456,183.8587299344207,1019.2249877872284,5.638630803747296,46.78018074146818,5.9474693452290355,24.0,7.978091293983803,B2AR_GHRP6_dock.pdb
140,    ***** ,    GENERATED BY OPEN BABEL 2.4.1,        0    0    0    0    0    0    0    0  120    0  120    0,-9.23825313356809,2.399,4.727,9.162783000000001,9.145422,197.90538225962533,3089.411646037451,7.852534964617907,82.13142888379205,5.0004787863027635,178.20243570484797,1122.0045623283804,7.848755411158551,56.409594428289786,3.73706233442393,24.0,8.032895219669223,B2AR_GHRP6_dock.pdb
22,5282105,    GENERATED BY OPEN BABEL 2.4.1,        0    0    0    0    0    0    0    0   73    0   73    0,-9.011377741151724,2.329,5.7379999999999995,9.108017,9.108017,128.2724832898441,1894.2166835295386,1.3682156135750838,121.77870885227176,1.7624675385723234,32.71722175473234,316.33003445114906,0.7171744830453373,50.85988164337965,0.0,18.0,7.454789302974808,B2AR_NAra_dock.pdb
19,5282105,    GENERATED BY OPEN BABEL 2.4.1,        0    0    0    0    0    0    0    0   73    0   73    0,-8.981334779065385,2.825,7.434,9.785308,9.785308,141.79342708054267,1919.778645594723,1.5527040449495728,120.64387878058807,0.9445446995641368,41.32000951850504,293.6701917777003,0.11722401791596898,63.512983832956635,0.0,18.0,7.657682126262626,B2AR_NAra_dock.pdb
144,    ***** ,    GENERATED BY OPEN BABEL 2.4.1,        0    0    0    0    0    0    0    0   55    0   55    0,-8.927211873131654,0.0,0.0,0.49479347,0.49479347,96.79898517547291,1574.655480351017,3.30318341210116,65.49766220839771,0.7544485823079933,69.03850033589501,355.4587802488906,2.3625990304053066,8.935193921589471,0.5832246435601122,5.0,7.31346835114885,B2AR_Uroc_dock.pdb
42,192764,    GENERATED BY OPEN BABEL 2.4.1,        0    0    0    0    0    0    0    0   94    0   94    0,-8.920067095213307,2.8789999999999996,8.952,7.072278999999999,7.072278999999999,156.91030678358516,2550.2224430637466,4.044017756457773,91.49489892834755,1.3575721157544138,149.29280923452632,801.7903495083592,2.6572202519154784,72.86229681879564,2.1349669524628694,20.0,8.00185551387502,B2AR_Gast_dock.pdb
18,5282105,    GENERATED BY OPEN BABEL 2.4.1,        0    0    0    0    0    0    0    0   73    0   73    0,-8.869614355040625,0.0,0.0,6.736109700000001,6.736109700000001,141.41084808813204,1781.724341614257,1.993865662657554,143.22354986788378,1.0717121507682492,52.343923157319544,332.76708014061944,0.4038136857923608,75.17803212769213,0.0,18.0,7.5665344075924095,B2AR_NAra_dock.pdb
108,439201,    GENERATED BY OPEN BABEL 2.4.1,        0    0    0    0    0    0    0    0  149    0  149    0,-8.824887641676595,0.0,0.0,8.212182,8.209071,181.1328515063514,3340.5809000054305,4.9524136725663,91.6160808357212,3.55604338982087,169.9005308480694,1233.7275856390906,7.171730433862934,42.61886459329242,2.9227675265075517,31.0,7.3287402635142715,B2AR_Brad_dock.pdb
25,5282105,    GENERATED BY OPEN BABEL 2.4.1,        0    0    0    0    0    0    0    0   73    0   73    0,-8.811497745464225,4.205,6.357,3.3775897000000006,3.3775897000000006,117.73725633158087,1794.5480581749325,1.9565467934665768,133.7266990664163,2.7059331092535497,71.06217260817297,273.6110359110484,2.9894579691627876,100.76417757251251,0.0,18.0,7.834803333333332,B2AR_NAra_dock.pdb
23,5282105,    GENERATED BY OPEN BABEL 2.4.1,        0    0    0    0    0    0    0    0   73    0   73    0,-8.655563439105425,3.216,9.53,10.052204,10.052204,122.40013720108549,1792.7908037888653,1.1557922799501084,96.78280794275679,2.9564144206841165,54.92330339616209,235.4395136442987,0.8449600593830611,90.4650495119354,0.0,18.0,7.643160999944497,B2AR_NAra_dock.pdb
115,439201,    GENERATED BY OPEN BABEL 2.4.1,        0    0    0    0    0    0    0    0  149    0  149    0,-8.530389005363903,3.096,5.961,6.741387400000001,6.7076607,202.45782396218925,3199.984972976573,7.327861156768956,103.86273555986185,4.754088290482214,178.78910963827218,1244.383163401138,8.90616353356717,35.73093534427202,2.344100578648744,31.0,7.385700720224223,B2AR_Brad_dock.pdb
110,439201,    GENERATED BY OPEN BABEL 2.4.1,        0    0    0    0    0    0    0    0  149    0  149    0,-8.476582815324912,2.011,4.0680000000000005,8.179008,8.170089,172.21596282739574,3128.1023459337994,2.8444050078031324,65.25623378461331,2.8548139181561414,146.8382687354391,1206.9670450353692,5.006766804526209,19.15240617425769,1.9057315904220464,31.0,7.157776194139199,B2AR_Brad_dock.pdb
24,5282105,    GENERATED BY OPEN BABEL 2.4.1,        0    0    0    0    0    0    0    0   73    0   73    0,-8.43200210075298,2.721,7.401,9.680258,9.680258,121.1811289809603,1860.106169182236,2.0635532092728406,123.0813269644379,1.3831931984340071,49.692152113711,338.5444792204812,0.31730169443922496,80.13354226912506,0.0,18.0,7.806042432900429,B2AR_NAra_dock.pdb
143,    ***** ,    GENERATED BY OPEN BABEL 2.4.1,        0    0    0    0    0    0    0    0  120    0  120    0,-8.304180598920697,36.992,42.864,41.96635,41.96635,147.57414956381382,2394.963156900234,2.9161735384656,82.32252770929058,3.2566705203464794,162.36195520143258,1319.9555066040402,2.7327318266793146,33.390213005987896,1.6035319413885891,24.0,7.962235610223115,B2AR_GHRP6_dock.pdb
162,6483057,    GENERATED BY OPEN BABEL 2.4.1,        0    0    0    0    0    0    0    0   66    0   66    0,-8.209582831636006,0.0,0.0,9.233211500000001,9.189957000000001,117.2349230100048,1579.0975910725808,2.6153802197745715,111.01166836426673,4.008033992559119,37.868862832464906,165.46776002094066,0.3882122762891404,42.39172710620225,0.9333481092939052,17.0,7.1669830606060625,B2AR_2Araether_dock.pdb
27,5282280,    GENERATED BY OPEN BABEL 2.4.1,        0    0    0    0    0    0    0    0   65    0   65    0,-8.183692774801829,0.0,0.0,9.404136,9.404136,124.597649011718,1653.7894667536511,2.0686054557048124,113.511910959341,1.8850183887485903,30.57087772268845,206.18184784200108,0.5608224470508606,51.64074193289334,1.0963022460777034,17.0,7.481169963980463,B2AR_2Ara_dock.pdb
26,5282105,    GENERATED BY OPEN BABEL 2.4.1,        0    0    0    0    0    0    0    0   73    0   73    0,-8.10935545251,1.98,2.8169999999999997,7.945335000000001,7.945335000000001,107.71557588530163,1806.1253759998035,1.7777775479177105,127.16965125205458,0.8925105342948372,69.75714420742086,275.3585479800277,0.323813785391794,101.0056133518738,0.0,18.0,7.2467172049062105,B2AR_NAra_dock.pdb
20,5282105,    GENERATED BY OPEN BABEL 2.4.1,        0    0    0    0    0    0    0    0   73    0   73    0,-8.105672934439264,2.5660000000000003,5.624,9.721293,9.721293,125.75486438364548,1849.4382116865888,2.8758480829144,100.99521742963341,2.541315924891303,90.11888832366257,278.8584671579964,0.5872994317903036,110.9351799613325,0.0,18.0,7.8246802862970375,B2AR_NAra_dock.pdb
21,5282105,    GENERATED BY OPEN BABEL 2.4.1,        0    0    0    0    0    0    0    0   73    0   73    0,-8.101948364334863,2.025,5.074,7.761058,7.761058,117.22035912857793,1777.7597448229865,3.492527932262612,138.77886188924057,2.299148781096661,81.52752379608388,287.34242182988163,0.6875465896760816,112.14567524309294,0.0,18.0,7.696250855588866,B2AR_NAra_dock.pdb
29,5282280,    GENERATED BY OPEN BABEL 2.4.1,        0    0    0    0    0    0    0    0   65    0   65    0,-8.083178645522532,5.371,9.095,3.5982425000000005,3.4957345,111.30510995370426,1608.368492656864,2.3197005031235154,114.74374077461648,3.034581930950788,45.53892398290064,197.61399809338684,1.0547034225317038,48.13525493573757,0.9975317320998492,17.0,7.029635277389276,B2AR_2Ara_dock.pdb
28,5282280,    GENERATED BY OPEN BABEL 2.4.1,        0    0    0    0    0    0    0    0   65    0   65    0,-8.04879485197514,5.479,8.695,2.838756,2.8182099999999997,117.12892888976884,1591.181682718262,1.435714078889306,107.08630523872534,1.9085255423341965,38.471831804291575,201.14436576495984,0.34439886970254524,63.784896942176296,0.0,17.0,6.960462992285493,B2AR_2Ara_dock.pdb
114,439201,    GENERATED BY OPEN BABEL 2.4.1,        0    0    0    0    0    0    0    0  149    0  149    0,-8.000033404940627,35.095,41.641000000000005,40.48315,40.482834000000004,188.47834309744815,2944.212296566304,6.276737376101416,71.28379510520959,5.7521766745851926,203.43535137871032,1648.0134658843508,9.738735954997274,31.849407729014906,4.297363546400065,31.0,7.150239397158398,B2AR_Brad_dock.pdb
163,6483057,    GENERATED BY OPEN BABEL 2.4.1,        0    0    0    0    0    0    0    0   66    0   66    0,-7.929075003091737,1.483,3.1639999999999997,9.074228,9.074228,130.3301691860826,1665.539700136779,2.7699368266875526,100.58971163670569,2.3452287460056684,49.25653303650356,158.14203622479988,0.7837034559027168,75.20858761732926,0.0,17.0,7.3124427121212126,B2AR_2Araether_dock.pdb
35,5282280,    GENERATED BY OPEN BABEL 2.4.1,        0    0    0    0    0    0    0    0   65    0   65    0,-7.922660505089125,1.2819999999999998,2.792,8.865915,8.865915,113.55727173231966,1599.5538192546364,1.629567751511788,104.33501508624542,2.064885311956463,53.12730116696292,203.2555066873328,2.1315415651112266,53.5493413037,0.5412037719617441,17.0,7.160295550449548,B2AR_2Ara_dock.pdb
31,5282280,    GENERATED BY OPEN BABEL 2.4.1,        0    0    0    0    0    0    0    0   65    0   65    0,-7.868408010148909,5.162999999999999,9.008,2.9764564,2.7824693,108.19694370298402,1659.6653366629018,1.713942023330011,105.95935211125851,1.7008406877806292,50.291153833423635,178.90874469484402,1.909150065350865,71.32973789525924,1.5626810752277682,17.0,6.973314506493512,B2AR_2Ara_dock.pdb
145,    ***** ,    GENERATED BY OPEN BABEL 2.4.1,        0    0    0    0    0    0    0    0   55    0   55    0,-7.855764120182864,35.665,38.615,38.711414000000005,38.711414000000005,69.60595945728525,1394.560079132272,0.6553499892875523,29.349485793049,0.0,49.06465971485715,351.6902788177755,1.0156304064577977,9.192099156807874,0.7679342926219122,5.0,6.975035972915969,B2AR_Uroc_dock.pdb
32,5282280,    GENERATED BY OPEN BABEL 2.4.1,        0    0    0    0    0    0    0    0   65    0   65    0,-7.852780910386312,1.8769999999999998,2.839,8.51786,8.438606,113.48374995546844,1613.3162566762246,2.328625604520506,105.88053910558004,2.61887006489415,46.97789589588064,209.1738692280578,0.3932221758295612,59.772768623236935,0.0,17.0,7.2134879101454175,B2AR_2Ara_dock.pdb
34,5282280,    GENERATED BY OPEN BABEL 2.4.1,        0    0    0    0    0    0    0    0   65    0   65    0,-7.800051466936309,3.878,7.66,5.600962,5.600962,103.95850646182676,1592.2438428922778,2.3025712942750136,109.82601804460472,2.9294177943180064,31.948007934783146,236.00738781483662,1.3307186520424341,54.25573754068068,1.172428949829828,17.0,6.931150973803978,B2AR_2Ara_dock.pdb
33,5282280,    GENERATED BY OPEN BABEL 2.4.1,        0    0    0    0    0    0    0    0   65    0   65    0,-7.7981327457237395,4.949,8.943999999999999,1.8761014999999999,1.8353006999999997,118.91841481298712,1610.3402999930704,2.6795900277440543,107.37546679282411,2.542591115700672,48.90938101197561,213.95788128865138,0.9214639631335546,63.2312448332337,0.0,17.0,7.0703359008214015,B2AR_2Ara_dock.pdb
146,    ***** ,    GENERATED BY OPEN BABEL 2.4.1,        0    0    0    0    0    0    0    0   55    0   55    0,-7.792457551078106,35.3,38.167,38.265713,38.260056,67.33524779291946,1408.8120212605952,1.0123413530119354,26.278083004876066,0.5675512039092416,56.45414059938994,357.58342288338235,1.7424628702968448,10.758432433430102,0.08295905911935186,5.0,7.2344188230103175,B2AR_Uroc_dock.pdb
9,5281969,    GENERATED BY OPEN BABEL 2.4.1,        0    0    0    0    0    0    0    0   62    0   62    0,-7.787434174628656,0.0,0.0,1.9369665,1.9369665,113.53450415336617,1508.8976488736525,0.7530114848966609,112.53684335270799,0.6589159980956001,43.25260141182042,187.6602265204241,0.1560931640915465,54.8242690185133,0.0,17.0,6.74594664180264,B2AR_Anan_dock.pdb
169,6483057,    GENERATED BY OPEN BABEL 2.4.1,        0    0    0    0    0    0    0    0   66    0   66    0,-7.787030119580746,4.043,8.46,3.2129277999999997,3.2129277999999997,110.81328462136271,1616.4636816318107,1.7325862974192452,112.55368990727516,1.277792193952214,35.20627637147237,187.89815703358627,0.4211014195501739,59.963118629569614,0.0,17.0,6.873191409756912,B2AR_2Araether_dock.pdb
167,6483057,    GENERATED BY OPEN BABEL 2.4.1,        0    0    0    0    0    0    0    0   66    0   66    0,-7.747855958874317,5.171,8.421,4.777522,4.6576853,114.13814174485088,1545.995641913164,1.4843007077072785,108.47242863093383,1.4512328809447128,32.578785443883575,204.1331348259642,0.9362714835436936,67.0491705883057,1.079442211721357,17.0,7.0924069906204865,B2AR_2Araether_dock.pdb
166,6483057,    GENERATED BY OPEN BABEL 2.4.1,        0    0    0    0    0    0    0    0   66    0   66    0,-7.735797668982112,5.242999999999999,9.084,1.3448714,1.3448714,103.98217855742874,1577.3772200820026,2.052642874739043,107.77798007470642,2.605160737096814,39.01052867819985,191.18566513280135,0.7203055748302614,57.27493012969774,1.2895287369637782,17.0,7.218867326839825,B2AR_2Araether_dock.pdb
164,6483057,    GENERATED BY OPEN BABEL 2.4.1,        0    0    0    0    0    0    0    0   66    0   66    0,-7.732509731750437,1.828,2.7739999999999996,7.7600307,7.7600307,123.75648365297488,1528.3773699356,2.1138286442652334,117.61684896159487,1.3246972328679034,46.50911100354172,230.33040124709117,1.0548679134472478,60.61323459927352,1.8956448940465,17.0,7.000712015373519,B2AR_2Araether_dock.pdb
109,439201,    GENERATED BY OPEN BABEL 2.4.1,        0    0    0    0    0    0    0    0  149    0  149    0,-7.704038280190301,34.84,43.198,42.26794,42.265087,152.29631235384784,2658.616094917842,3.0546622178284726,86.11509492198714,3.5406820493297126,215.07985745044869,1558.512019975441,5.34282846330426,7.088779917058097,8.822772245533475,31.0,7.556534884171394,B2AR_Brad_dock.pdb
165,6483057,    GENERATED BY OPEN BABEL 2.4.1,        0    0    0    0    0    0    0    0   66    0   66    0,-7.654225418441106,4.882,7.254,4.9392624000000005,4.911653500000001,103.2629152411675,1513.5883177662686,1.3364902022365972,116.48296510558627,1.3870132700067104,53.397440365545776,232.793048349576,0.8903936057652846,61.059325947963494,1.6491043104616971,17.0,6.9860356024531045,B2AR_2Araether_dock.pdb
168,6483057,    GENERATED BY OPEN BABEL 2.4.1,        0    0    0    0    0    0    0    0   66    0   66    0,-7.650582966639843,2.8939999999999997,5.072,6.855284700000001,6.791233,124.12988084862567,1462.9519816308716,1.3441058051102006,101.76189207119043,1.4453802523519264,49.179076493873005,190.5516764208872,1.9473966141724248,69.93431947553479,1.9721368740536351,17.0,6.814780897158397,B2AR_2Araether_dock.pdb
170,6483057,    GENERATED BY OPEN BABEL 2.4.1,        0    0    0    0    0    0    0    0   66    0   66    0,-7.648311631014567,5.4239999999999995,9.254,4.194592500000001,4.0666709999999995,103.94825073476271,1507.2827119138312,1.6288746047472464,106.55080346790285,2.3930877251957936,37.16825224574647,172.54585888295404,1.1031833015595076,56.72827940569978,1.958855789040492,17.0,7.094064080086581,B2AR_2Araether_dock.pdb
11,5281969,    GENERATED BY OPEN BABEL 2.4.1,        0    0    0    0    0    0    0    0   62    0   62    0,-7.627266595733856,3.972,7.778,7.4910315999999995,7.4910315999999995,110.67034082959185,1572.207083857123,1.5940620686733284,110.08263644898956,1.0821842202402194,29.965816399362172,165.52309069196713,0.3126203601874681,61.00022706727917,0.0,17.0,6.937607167332662,B2AR_Anan_dock.pdb
104,9833444,    GENERATED BY OPEN BABEL 2.4.1,        0    0    0    0    0    0    0    0  140    0  140    0,-7.575362822302233,3.111,10.609000000000002,5.469328400000001,5.4457016,173.97624204549095,2971.01766559693,4.406264433424751,44.802298436423904,5.532292254719,191.12734964494805,1622.0304863888653,9.25853893027883,45.545240885568866,8.607810370845018,34.0,7.449101638417145,B2AR_Chol_dock.pdb
30,5282280,    GENERATED BY OPEN BABEL 2.4.1,        0    0    0    0    0    0    0    0   65    0   65    0,-7.570655244087418,1.7209999999999999,2.948,8.233999,8.233999,107.70053339180531,1620.5250611752308,2.9140414688352374,113.35163162217566,2.338630568659505,72.56347673681597,222.1389318117445,1.2985065863493823,93.95869245573752,0.0,17.0,7.011240432567442,B2AR_2Ara_dock.pdb
13,5281969,    GENERATED BY OPEN BABEL 2.4.1,        0    0    0    0    0    0    0    0   62    0   62    0,-7.482913598397603,4.026,8.687000000000001,8.282229,8.282229,109.06375320715841,1543.1525394582638,1.399901588902497,106.96034692976723,0.8533962720064827,24.990548081975803,186.6091831153043,0.8217292239436617,43.89213938762799,0.9252853711368278,17.0,6.76566795260295,B2AR_Anan_dock.pdb
15,5281969,    GENERATED BY OPEN BABEL 2.4.1,        0    0    0    0    0    0    0    0   62    0   62    0,-7.479206310753208,3.2289999999999996,6.233,6.145739,6.145739,111.1673655582412,1528.2178484757503,0.6981714708566679,92.06476434500846,0.7310144494017339,21.36237163134217,198.64616444683625,0.17062691831567434,32.482744288807915,0.0,17.0,6.6587401325896325,B2AR_Anan_dock.pdb
92,    ***** ,    GENERATED BY OPEN BABEL 2.4.1,        0    0    0    0    0    0    0    0   62    0   62    0,-7.475055617670696,3.427,7.507999999999999,5.926101999999999,5.926101999999999,106.19937011916866,1516.984920264918,0.7803504226160805,101.4737898856583,0.6719301442005473,33.1183105799098,203.9452712424036,0.15054249533896746,49.12526471695767,0.0,17.0,6.746042750582751,B2AR_Viro_dock.pdb
93,    ***** ,    GENERATED BY OPEN BABEL 2.4.1,        0    0    0    0    0    0    0    0   62    0   62    0,-7.475001724066863,1.7180000000000002,2.8680000000000003,7.904846000000001,7.904846000000001,102.43725705701158,1517.4345733086416,1.6109781718776068,107.35289398144856,1.7330447611201056,35.52042225945726,186.98589724287345,1.2239229382570518,64.36081582946534,0.0,17.0,6.699628157897661,B2AR_Viro_dock.pdb
126,5202,    GENERATED BY OPEN BABEL 2.4.1,        0    0    0    0    0    0    0    0   25    0   25    0,-7.474200377283042,0.0,0.0,0.017856179,0.017856179,61.650017296610955,869.4119461408217,1.8047614866042536,34.09341552907945,3.385172618834841,4.70493408504675,32.386519264338844,0.0,2.6693768293379065,0.0,2.0,6.0494459662004685,B2AR_Sero_dock.pdb
10,5281969,    GENERATED BY OPEN BABEL 2.4.1,        0    0    0    0    0    0    0    0   62    0   62    0,-7.4469170143764565,4.327,7.351,7.2171288,7.2171288,105.78195592931871,1537.6739307336304,1.2545601727091027,106.48902516543379,0.7984780805340463,42.742926831349116,173.05491544592041,0.4367834395720853,70.21918847923047,0.548128505897893,17.0,6.647979706682204,B2AR_Anan_dock.pdb
90,    ***** ,    GENERATED BY OPEN BABEL 2.4.1,        0    0    0    0    0    0    0    0   62    0   62    0,-7.445548293971245,0.0,0.0,7.8717312999999995,7.8717312999999995,109.058459811848,1480.9944859457614,1.0958320070275829,107.37398243557504,0.8132972026545459,39.698368910675256,217.17549776904,0.22935430967349496,58.87496415905459,0.0,17.0,6.616675888722392,B2AR_Viro_dock.pdb
111,439201,    GENERATED BY OPEN BABEL 2.4.1,        0    0    0    0    0    0    0    0  149    0  149    0,-7.442882211847936,34.57,43.233000000000004,42.1174,42.1169,158.84568237555285,2721.232363221653,4.744470489847679,79.43600619821497,4.158833407419871,180.6975690366141,1601.8386774416886,7.729007596755728,15.339514897420026,6.956819745388462,31.0,7.268891315628821,B2AR_Brad_dock.pdb
95,    ***** ,    GENERATED BY OPEN BABEL 2.4.1,        0    0    0    0    0    0    0    0   62    0   62    0,-7.4223938827531235,1.28,4.595,8.318838000000001,8.318838000000001,108.86072795824164,1466.0608793548763,0.9720191377216596,109.05883417397725,0.5999651491416242,18.12560071326339,199.4867487580318,0.9334847416652732,34.25214177256061,1.0248505176151188,17.0,6.565379055389056,B2AR_Viro_dock.pdb
116,439201,    GENERATED BY OPEN BABEL 2.4.1,        0    0    0    0    0    0    0    0  149    0  149    0,-7.396842724131721,3.9389999999999996,8.459,6.9941883,6.9855366,151.42008747150697,2411.1913518894908,2.363866266736014,89.86387124625567,3.0837143065142416,182.46242331745805,1204.88567643585,2.7177610766062354,27.728344865025964,2.976699674190244,31.0,7.391872137529137,B2AR_Brad_dock.pdb
150,    ***** ,    GENERATED BY OPEN BABEL 2.4.1,        0    0    0    0    0    0    0    0   55    0   55    0,-7.385256645590979,35.25,38.143,38.239838,38.239838,62.42492460061234,1406.6755123922721,1.0968076984660513,28.090875253900258,0.0,68.9020019814257,355.13461270733023,3.833653004061553,10.040359628062633,1.582079961030347,5.0,7.043308317793317,B2AR_Uroc_dock.pdb
102,9833444,    GENERATED BY OPEN BABEL 2.4.1,        0    0    0    0    0    0    0    0  140    0  140    0,-7.342499568499584,2.8360000000000003,9.197000000000001,4.5026608,4.488418,163.54472492220248,2715.245271550425,3.5938755350744644,71.20825817519624,4.486063014187077,204.62689056387177,1559.6671942748028,6.913832742702082,24.016310547202693,11.15530986710911,34.0,7.536919893384399,B2AR_Chol_dock.pdb
12,5281969,    GENERATED BY OPEN BABEL 2.4.1,        0    0    0    0    0    0    0    0   62    0   62    0,-7.322490704287702,1.258,4.723,4.383771,4.383771,102.12870857473798,1494.3965112864353,1.344218540682422,114.88954357970816,0.6036802056705648,43.83750524655305,210.70161735159638,0.397630659665174,69.49558334952161,0.0,17.0,6.5756919494394515,B2AR_Anan_dock.pdb
14,5281969,    GENERATED BY OPEN BABEL 2.4.1,        0    0    0    0    0    0    0    0   62    0   62    0,-7.297729321661202,5.771,8.991,9.049714,9.049714,107.4698669292712,1510.4750064352775,1.8330365938853213,101.688511683175,1.543146192418074,27.016248791766323,174.29046530621034,0.4323883067680359,49.22285072999433,0.8610741544487853,17.0,6.746099261183258,B2AR_Anan_dock.pdb
68,5311312,    GENERATED BY OPEN BABEL 2.4.1,        0    0    0    0    0    0    0    0  163    0  163    0,-7.295866010268141,38.418,43.756,43.31295,43.309246,190.9526601489977,2763.394126051819,2.0617924387417514,93.40441373880785,2.278989177639037,216.8085204668432,1730.7705543447546,6.620227144112502,15.996998905667072,7.6530302684798945,39.0,7.432713023365532,B2AR_NeuB_dock.pdb
100,9833444,    GENERATED BY OPEN BABEL 2.4.1,        0    0    0    0    0    0    0    0  140    0  140    0,-7.220123902193652,1.8319999999999999,3.752,9.270002999999999,9.270002999999999,159.36966720605224,2842.973231829605,2.718631706891101,55.064098826888106,2.7062164903668826,245.61219876281402,1938.2228301475836,4.617300267146581,77.78047050221302,3.1340992377865016,34.0,7.990737907148413,B2AR_Chol_dock.pdb
16,5281969,    GENERATED BY OPEN BABEL 2.4.1,        0    0    0    0    0    0    0    0   62    0   62    0,-7.213140963511036,1.665,4.7010000000000005,4.549568,4.549568,99.63128137496679,1458.8543148606018,1.1336122202151937,102.54702042370295,1.1326773734276527,38.24896388428768,199.43613068813823,0.7579270289580947,62.50147560849866,0.6337435066654316,17.0,6.666220552614057,B2AR_Anan_dock.pdb
151,    ***** ,    GENERATED BY OPEN BABEL 2.4.1,        0    0    0    0    0    0    0    0   55    0   55    0,-7.1840838920413,35.242,38.083,38.179424,38.176590000000004,51.574464314488104,1370.8540360924526,0.9456904969416436,20.93883105231373,0.7413930530243926,84.3039226606844,360.54340185184105,4.822063845371571,9.585184273401929,2.0,5.0,7.043646249361747,B2AR_Uroc_dock.pdb
91,    ***** ,    GENERATED BY OPEN BABEL 2.4.1,        0    0    0    0    0    0    0    0   62    0   62    0,-7.1813087140754925,4.2010000000000005,8.626,7.814727,7.814727,114.00988034310328,1473.0689052486248,1.488444547059412,101.09613341142204,0.6220648649321658,39.27484500253527,162.83461828593042,0.20613888637619499,65.21662793109144,0.0,17.0,6.8418018948828925,B2AR_Viro_dock.pdb
154,5311311,    GENERATED BY OPEN BABEL 2.4.1,        0    0    0    0    0    0    0    0  159    0  159    0,-7.173437665587361,5.914,11.2,43.40448,43.400055,164.07796893066,2910.798002097005,2.3574374523326904,49.0824417796222,4.287137930035337,212.3687602223636,1509.2089329425573,6.037725159521406,38.95682273749979,7.419629606894403,38.0,6.817990046453552,B2AR_NeuA_dock.pdb
96,    ***** ,    GENERATED BY OPEN BABEL 2.4.1,        0    0    0    0    0    0    0    0   62    0   62    0,-7.1387301691658855,4.401,7.662000000000001,4.261415,4.261415,113.29188356357024,1446.6930131250933,2.1645367328463045,108.25838705566412,1.2920132704426943,25.663990017733394,196.46982481010892,0.12522347351333846,44.017862839687574,0.0,17.0,6.872799376234871,B2AR_Viro_dock.pdb
72,23492,    GENERATED BY OPEN BABEL 2.4.1,        0    0    0    0    0    0    0    0   27    0   27    0,-7.123859962671375,0.0,0.0,0.05778887,0.05778887,55.54183269135139,856.2223758186211,0.8764771712058541,43.17969230940769,1.3332001686889958,3.9772261179748094,29.820177201691987,0.0,4.034351189483776,0.0,2.0,5.950081260572762,B2AR_Nmet_dock.pdb
171,5816,    GENERATED BY OPEN BABEL 2.4.1,        0    0    0    0    0    0    0    0   26    0   26    0,-7.081613926963095,0.0,0.0,0.023861632,0.023861632,63.54220126767301,860.159301286496,1.457381598875506,29.294468644020604,3.1003023935740064,3.767233330299125,37.67553911815344,0.0,0.0,0.0,3.0,5.397076405907813,B2AR_Epi_dock.pdb
69,5311312,    GENERATED BY OPEN BABEL 2.4.1,        0    0    0    0    0    0    0    0  163    0  163    0,-7.0450361748035455,2.312,4.789,7.5187216,7.5168924,160.774621941079,2855.7894945865887,2.8526653146782226,81.90041245894456,3.714429746966576,227.25186802857246,2017.4308364508288,6.155744737713317,26.975056175904978,6.385795128719796,39.0,7.80741962504163,B2AR_NeuB_dock.pdb
105,9833444,    GENERATED BY OPEN BABEL 2.4.1,        0    0    0    0    0    0    0    0  140    0  140    0,-7.044702180037625,2.832,8.777000000000001,5.764067,5.754879,164.08164309027543,2738.4912968998237,2.6917663640754745,52.5598891847351,2.5569418493266856,200.9687440445396,1867.592205605316,3.7310574516963366,14.485956337368592,4.4922788724259135,34.0,7.735984534798543,B2AR_Chol_dock.pdb
155,5311311,    GENERATED BY OPEN BABEL 2.4.1,        0    0    0    0    0    0    0    0  159    0  159    0,-7.026412817834191,4.56,10.213,41.917168,41.917168,179.95590962971494,3001.12015223041,4.035294473988163,36.899541476895116,4.852455870296206,180.01558833433026,1654.8225599352475,9.006665560431086,19.81022137794765,11.392838270925536,38.0,7.3778630475635545,B2AR_NeuA_dock.pdb
94,    ***** ,    GENERATED BY OPEN BABEL 2.4.1,        0    0    0    0    0    0    0    0   62    0   62    0,-6.997025118807954,5.367000000000001,8.67,5.4516487,5.4516487,99.78093967996807,1471.9864001708695,1.4679067952985885,100.5161839802533,0.8736609409162525,58.58431468984464,187.4014868960308,0.6178757694801046,67.18917766171081,0.685290442618409,17.0,6.834087741369741,B2AR_Viro_dock.pdb
127,5202,    GENERATED BY OPEN BABEL 2.4.1,        0    0    0    0    0    0    0    0   25    0   25    0,-6.981403753811402,2.04,2.574,2.5728892999999995,2.5728892999999995,60.80912919130415,854.8821497519908,0.8204999136418796,31.574687334497188,1.3682785401958466,6.280757420965549,31.244846344213556,0.01169672243152806,2.6721068257471607,0.0,2.0,6.182381290875795,B2AR_Sero_dock.pdb
97,    ***** ,    GENERATED BY OPEN BABEL 2.4.1,        0    0    0    0    0    0    0    0   62    0   62    0,-6.977678620560602,4.39,8.61,7.4209495,7.4209495,104.39520357798094,1511.1421886039616,1.5747897341504533,89.17749230707753,1.0148389520332521,40.593519979981814,145.03834680042868,0.10736915462319564,52.44069116949503,0.0,17.0,6.864061536297037,B2AR_Viro_dock.pdb
17,5281969,    GENERATED BY OPEN BABEL 2.4.1,        0    0    0    0    0    0    0    0   62    0   62    0,-6.968059833303716,3.938,8.111,7.758075999999999,7.758075999999999,102.39004049140893,1484.7588278776334,1.6886105105968656,102.93019079961907,0.6762137581196834,39.221911481919065,193.05984860264888,0.6762857714748063,69.99240445083393,0.0,17.0,6.775719928071929,B2AR_Anan_dock.pdb
98,    ***** ,    GENERATED BY OPEN BABEL 2.4.1,        0    0    0    0    0    0    0    0   62    0   62    0,-6.9617657008962865,5.59,9.147,4.409239299999999,4.409239299999999,101.03038960293712,1462.3143101781911,1.3404259680977668,109.50418907595682,0.043234679198739405,40.90674867641343,132.9274963467979,0.11071274061204504,57.86721784312036,0.0,17.0,6.751433198745697,B2AR_Viro_dock.pdb
159,5311311,    GENERATED BY OPEN BABEL 2.4.1,        0    0    0    0    0    0    0    0  159    0  159    0,-6.9574913279777135,3.252,10.024,41.04782,41.045437,190.23581529505776,2942.532855793597,5.755968197699812,65.68509631054884,5.1066378113130035,208.08811430105163,1693.846736963216,8.190799173549818,9.52715524276105,9.038951409243372,38.0,7.193290322621826,B2AR_NeuA_dock.pdb
99,9833444,    GENERATED BY OPEN BABEL 2.4.1,        0    0    0    0    0    0    0    0  140    0  140    0,-6.95680473761242,0.0,0.0,9.057501,9.057501,151.42927920171076,2672.052683551208,2.3990573005095044,50.99144861524207,3.1356447360330115,229.84688824546168,2039.3012214170042,4.3860911578456925,79.59337308227208,4.8635223144720365,34.0,8.015468290043295,B2AR_Chol_dock.pdb
172,5816,    GENERATED BY OPEN BABEL 2.4.1,        0    0    0    0    0    0    0    0   26    0   26    0,-6.9529955298214166,1.171,2.002,2.000091,2.000091,61.00094948950536,863.7600914063321,1.1346394612644308,27.982150637751932,2.581829696591208,3.430541376123512,35.814991967894976,0.0,0.0,0.0,3.0,5.384226452805362,B2AR_Epi_dock.pdb
73,23492,    GENERATED BY OPEN BABEL 2.4.1,        0    0    0    0    0    0    0    0   27    0   27    0,-6.9436497534879384,2.155,4.632,4.61322,4.61322,57.66867008827773,841.1937974809857,0.38941078361463055,40.99320707159586,0.4271475545566103,4.208453229088784,29.317563130566768,0.0,4.032735748495428,0.0,2.0,5.84925466267066,B2AR_Nmet_dock.pdb
207,439260,    GENERATED BY OPEN BABEL 2.4.1,        0    0    0    0    0    0    0    0   23    0   23    0,-6.9356355449238825,0.0,0.0,0.036987572999999996,0.036987572999999996,56.750954455104505,809.2819535943263,1.4084118322801047,28.231922258242808,2.9693381812308313,3.3293264157222615,25.74911662530616,0.0,0.0,0.0,2.0,5.034075205627702,B2AR_Nore_dock.pdb
208,439260,    GENERATED BY OPEN BABEL 2.4.1,        0    0    0    0    0    0    0    0   23    0   23    0,-6.9290324894305275,2.904,4.97,4.9701285,4.9701285,48.599296247291015,758.7124674096863,1.581146368152805,25.227935318284672,4.322487959170224,4.316817601002114,25.38183834921263,0.0,0.0,0.0,2.0,5.153067023809527,B2AR_Nore_dock.pdb
63,5311312,    GENERATED BY OPEN BABEL 2.4.1,        0    0    0    0    0    0    0    0  163    0  163    0,-6.906116149626771,0.0,0.0,7.0086417,7.003614999999999,162.12327442825364,2807.0655923160944,4.082128871271529,75.8514400024333,5.405410267097192,308.20296384937376,2259.201780949175,9.033369634174235,64.70974622700193,10.38576610430497,39.0,7.925533410977912,B2AR_NeuB_dock.pdb
152,    ***** ,    GENERATED BY OPEN BABEL 2.4.1,        0    0    0    0    0    0    0    0   55    0   55    0,-6.882639605511334,17.458,20.093,20.129269,20.129269,70.76413930271957,1058.0937569947082,0.29962958228148673,33.291549685764586,0.0,51.46963496329817,348.86296616056813,1.1065614905679004,10.36851256087024,0.5246961062738847,5.0,6.057692947735268,B2AR_Uroc_dock.pdb
113,439201,    GENERATED BY OPEN BABEL 2.4.1,        0    0    0    0    0    0    0    0  149    0  149    0,-6.872842735892439,37.501,44.227,43.02322,43.0205,144.82606700134255,2441.495068549479,3.0470373466631457,57.555239486522076,3.6152350318405313,250.8246829786869,1726.2313532210767,7.0454118773054875,18.873241469203702,8.73959798404025,31.0,6.782753267898773,B2AR_Brad_dock.pdb
147,    ***** ,    GENERATED BY OPEN BABEL 2.4.1,        0    0    0    0    0    0    0    0   55    0   55    0,-6.8554529003324225,35.518,38.275,38.3809,38.377052,45.10372800847541,1357.417752803368,1.0647147945664388,31.723260520955485,0.05379648256017714,76.18240263055623,338.5604583014138,1.6833879753572922,7.21629995621408,2.0111156778985304,5.0,6.955729815573312,B2AR_Uroc_dock.pdb
190,    ***** ,    GENERATED BY OPEN BABEL 2.4.1,        0    0    0    0    0    0    0    0  115    0  115    0,-6.823526308435356,3.4819999999999998,12.752,12.687636999999999,12.676297,128.3331636999158,2365.8347029682714,2.233790115917633,70.81238724358666,0.3676104304883124,389.38070953654005,3055.182124381604,12.211414021860325,29.36931778699295,6.551100521667081,27.0,7.22944611272062,B2AR_Soma_dock.pdb
54,7172,    GENERATED BY OPEN BABEL 2.4.1,        0    0    0    0    0    0    0    0   25    0   25    0,-6.812238877673893,0.0,0.0,3.4721127,3.4537756,62.80774320534407,798.2172217577828,1.4386621941743445,34.58362354623742,2.8068506558071085,4.1069202320171865,28.796822298377624,0.0,0.0,0.0,3.0,5.426183216097621,B2AR_Syn_dock.pdb
209,439260,    GENERATED BY OPEN BABEL 2.4.1,        0    0    0    0    0    0    0    0   23    0   23    0,-6.811259653863535,2.93,5.207000000000001,5.2069645,5.2069645,48.3729237538296,769.0880871848423,1.200926639206295,30.468360510483716,3.163450325163132,3.242967842104086,25.86435849698656,0.0,0.0,0.0,2.0,5.119834871572868,B2AR_Nore_dock.pdb
65,5311312,    GENERATED BY OPEN BABEL 2.4.1,        0    0    0    0    0    0    0    0  163    0  163    0,-6.809090754147057,3.76,7.4270000000000005,8.900369,8.882173,149.33367408275132,2956.437460082899,2.845287153648232,57.006561755921325,3.682531703222395,254.61549659304544,1854.5415548400947,5.268228061565655,33.70520708648222,9.100370462956977,39.0,7.25464818253969,B2AR_NeuB_dock.pdb
149,    ***** ,    GENERATED BY OPEN BABEL 2.4.1,        0    0    0    0    0    0    0    0   55    0   55    0,-6.801709210933117,34.96,37.842,37.934290000000004,37.934290000000004,70.88629600333122,1051.6608001062577,0.8827887045264904,38.76852898095144,0.3779462239097604,57.43846003736574,359.4279752189245,1.0872412256471748,10.560544747474378,0.4157337581459927,5.0,6.339376917210238,B2AR_Uroc_dock.pdb
45,1150,    GENERATED BY OPEN BABEL 2.4.1,        0    0    0    0    0    0    0    0   24    0   24    0,-6.7938598673314115,0.0,0.0,3.3515657999999995,3.3515657999999995,57.62563378126912,806.7785812761026,1.0237034120515998,42.14647309186897,1.2859643788927797,4.601917077295032,22.921516738937413,0.0,4.068129521256012,0.0,2.0,5.824190071872567,B2AR_Tryp_dock.pdb
112,439201,    GENERATED BY OPEN BABEL 2.4.1,        0    0    0    0    0    0    0    0  149    0  149    0,-6.785118261714138,35.900999999999996,43.678000000000004,42.980290000000004,42.97572,147.89045279859863,2756.0463455969325,5.182056679590497,38.601071831778896,4.432471815984715,210.13690158413516,1498.922646914606,6.0122876166011965,56.694843173817965,3.5720102347350178,31.0,6.728400948107453,B2AR_Brad_dock.pdb
46,1150,    GENERATED BY OPEN BABEL 2.4.1,        0    0    0    0    0    0    0    0   24    0   24    0,-6.778779750769866,2.6039999999999996,3.3539999999999996,0.11915216599999999,0.11915216599999999,52.37356835970708,794.2139380612787,0.7865121264942223,43.088419111023406,1.2904952352068046,3.97532304804487,23.079221490694714,0.0,4.069937228272575,0.0,2.0,5.982467470529469,B2AR_Tryp_dock.pdb
74,23492,    GENERATED BY OPEN BABEL 2.4.1,        0    0    0    0    0    0    0    0   27    0   27    0,-6.777002795201339,1.564,4.069,4.052373,4.052373,60.22966881637144,865.3349163951598,0.9502820591006841,38.66932789275765,0.6840737042365066,5.229238690214786,28.981830298404326,0.0,4.036137002622834,0.0,2.0,5.807523452380952,B2AR_Nmet_dock.pdb
129,5202,    GENERATED BY OPEN BABEL 2.4.1,        0    0    0    0    0    0    0    0   25    0   25    0,-6.76498593079287,1.841,3.0180000000000002,3.0191482999999995,3.0191482999999995,63.293164606380756,874.4925870923262,1.5661606118036897,37.566916829577984,1.3421584472044086,8.937334758850572,26.7106473244313,0.2598311329087932,2.6708891322506627,0.0,2.0,6.088080891164387,B2AR_Sero_dock.pdb
148,    ***** ,    GENERATED BY OPEN BABEL 2.4.1,        0    0    0    0    0    0    0    0   55    0   55    0,-6.725316017270028,35.51,38.37,38.465134,38.459656,39.156920943286686,1305.3802816822013,0.17989063343164532,20.33704972486976,0.0,76.02389878040024,338.8604985539872,1.8845970172575364,7.320147530680284,2.1033390103366694,5.0,6.761950699134197,B2AR_Uroc_dock.pdb
175,5816,    GENERATED BY OPEN BABEL 2.4.1,        0    0    0    0    0    0    0    0   26    0   26    0,-6.716226817163979,2.6710000000000003,5.065,5.0628195,5.0628195,56.21953752796086,825.7577458665373,0.6061492072010192,30.538907618831548,1.8225703501488704,4.674490755030122,37.463475188073375,0.0,0.0,0.0,3.0,5.209288654048564,B2AR_Epi_dock.pdb
128,5202,    GENERATED BY OPEN BABEL 2.4.1,        0    0    0    0    0    0    0    0   25    0   25    0,-6.7145076809728135,2.9339999999999997,4.678,4.6788115999999995,4.6788115999999995,56.71700327306225,843.3126359459998,0.5644999032479135,36.963843764437385,0.5216960208530752,4.979412068127289,32.32250352533596,0.0,2.671009581859943,0.0,2.0,5.862847333166834,B2AR_Sero_dock.pdb
103,9833444,    GENERATED BY OPEN BABEL 2.4.1,        0    0    0    0    0    0    0    0  140    0  140    0,-6.700532641205601,1.861,3.2089999999999996,9.286938000000001,9.277968,142.29541492393332,2598.098265333154,2.133478046943176,48.75387356311983,2.78849887822692,270.17138491742685,1970.833521399144,4.996514499792765,65.19364878587153,5.061602586677336,34.0,7.848040860028865,B2AR_Chol_dock.pdb
70,5311312,    GENERATED BY OPEN BABEL 2.4.1,        0    0    0    0    0    0    0    0  163    0  163    0,-6.6861257238589475,2.873,7.727,6.016031,5.9946856,151.92149215788703,2724.970220057223,3.206097527809851,57.889618164171296,5.336399373637066,237.09592633163143,2256.667078639938,6.6598044353968096,33.79063042278447,7.111587327530638,39.0,7.6340217168942175,B2AR_NeuB_dock.pdb
130,5202,    GENERATED BY OPEN BABEL 2.4.1,        0    0    0    0    0    0    0    0   25    0   25    0,-6.6619091765265726,3.0980000000000003,4.885,4.8791423,4.8791423,66.89187479607418,860.9138920506578,1.5650031112600469,24.884851808238324,1.80379972648692,4.866776712409616,32.45625341408504,0.0,2.671704457716052,0.0,2.0,5.974109935786432,B2AR_Sero_dock.pdb
83,4581,    GENERATED BY OPEN BABEL 2.4.1,        0    0    0    0    0    0    0    0   22    0   22    0,-6.658883056188074,2.633,3.784,3.8326356,3.8166062999999997,44.364544027393464,718.1207956833255,0.9394842775877266,36.10744829563712,2.8532992481392507,3.3945645019670554,19.117469159560148,0.0,0.0,0.0,2.0,5.244029178932175,B2AR_Octo_dock.pdb
176,5816,    GENERATED BY OPEN BABEL 2.4.1,        0    0    0    0    0    0    0    0   26    0   26    0,-6.63133863025465,3.9219999999999997,5.308,5.3009806,5.3009806,58.764701443159936,875.0797118136163,1.274458846420755,16.382050264520753,2.8675286920585066,5.185933740364738,35.3819690955143,0.017976308408958645,0.0,0.0,3.0,5.427910981240981,B2AR_Epi_dock.pdb
82,4581,    GENERATED BY OPEN BABEL 2.4.1,        0    0    0    0    0    0    0    0   22    0   22    0,-6.610048863578768,2.926,3.641,3.609796,3.609796,57.475738044658385,749.2638650165313,1.1079735846961256,34.39556743683361,2.0349236062252642,3.39731206970308,19.066840604261852,0.0,0.0,0.0,2.0,5.191417513542013,B2AR_Octo_dock.pdb
66,5311312,    GENERATED BY OPEN BABEL 2.4.1,        0    0    0    0    0    0    0    0  163    0  163    0,-6.607317220187893,2.659,5.682,7.390465700000001,7.390465700000001,146.1422901791206,2775.2645209997886,2.1443801411953625,65.16981434221081,2.8495738236856427,274.48818052821287,2350.5170887565273,9.951435053209439,19.35149193676848,12.348675614780042,39.0,7.5044169280719295,B2AR_NeuB_dock.pdb
55,7172,    GENERATED BY OPEN BABEL 2.4.1,        0    0    0    0    0    0    0    0   25    0   25    0,-6.587355050937232,2.676,3.4989999999999997,0.07160247,0.07160247,60.53747736820097,805.3225977428581,1.5969123221707089,28.87109554091629,2.999775061078103,4.3408004122445085,28.710819259442612,0.0,0.0,0.0,3.0,5.30796349959191,B2AR_Syn_dock.pdb
75,23492,    GENERATED BY OPEN BABEL 2.4.1,        0    0    0    0    0    0    0    0   27    0   27    0,-6.577825228856,1.33,3.12,3.1278452999999997,3.1278452999999997,60.11482362580415,852.9958832001918,1.3123451983912109,39.10988252351339,0.91226131569648,7.782606133368947,25.357256141220656,0.3287413117837593,4.034598108934293,0.0,2.0,5.914874823232324,B2AR_Nmet_dock.pdb
217,681,    GENERATED BY OPEN BABEL 2.4.1,        0    0    0    0    0    0    0    0   22    0   22    0,-6.558466344421383,1.3619999999999999,2.269,2.2696362,2.2696362,51.870058919521114,757.0702576759695,1.2743047955130709,37.39745330349218,2.266636621557301,4.059355556017187,18.897150127031008,0.0,0.0,0.0,2.0,5.170917179542681,B2AR_Dop_dock.pdb
216,681,    GENERATED BY OPEN BABEL 2.4.1,        0    0    0    0    0    0    0    0   22    0   22    0,-6.5338265125273445,0.0,0.0,0.01304531,0.01304531,54.73449027169232,740.7525236900011,1.3244654998848826,37.505478470193744,2.2547905693013504,3.4422123381791465,19.51330616004439,0.0,0.0,0.0,2.0,5.252897869685867,B2AR_Dop_dock.pdb
47,1150,    GENERATED BY OPEN BABEL 2.4.1,        0    0    0    0    0    0    0    0   24    0   24    0,-6.511303369007554,1.574,2.169,4.4953804,4.4953804,54.831073719621294,783.3905175959268,0.5419174147075658,41.466574629670035,0.474579943476787,4.353605042083204,22.582417613953236,0.0,4.0689024282896815,0.0,2.0,5.73974105222555,B2AR_Tryp_dock.pdb
132,5202,    GENERATED BY OPEN BABEL 2.4.1,        0    0    0    0    0    0    0    0   25    0   25    0,-6.508900827372313,2.113,2.923,2.928659,2.928659,50.040935642502824,801.726699358037,0.5649470925835901,38.10470732044704,0.8333142716129898,6.306552243863965,31.491682008320566,0.0,2.670383204330774,0.0,2.0,5.975565616772116,B2AR_Sero_dock.pdb
174,5816,    GENERATED BY OPEN BABEL 2.4.1,        0    0    0    0    0    0    0    0   26    0   26    0,-6.498729211923297,2.483,3.716,3.7141428,3.7141428,63.70221652794885,869.6018565283277,1.7982951496595454,19.827347472402753,2.8942755195355474,3.854597869961076,37.73722489351001,0.0,0.0,0.0,3.0,5.430413127408537,B2AR_Epi_dock.pdb
131,5202,    GENERATED BY OPEN BABEL 2.4.1,        0    0    0    0    0    0    0    0   25    0   25    0,-6.489096118560126,2.765,4.876,4.8763237,4.8763237,53.64427561544203,834.3461221346988,2.049968198406388,38.27674551393466,2.4051408542234007,4.647803890509804,32.56004411170821,0.0,2.6701450525193198,0.0,2.0,6.091408359362861,B2AR_Sero_dock.pdb
133,5202,    GENERATED BY OPEN BABEL 2.4.1,        0    0    0    0    0    0    0    0   25    0   25    0,-6.485000392101448,3.003,5.202000000000001,5.20056,5.20056,58.54818029515003,809.6026822389998,1.8263954048999584,38.10353709173872,2.0078677466996124,4.740112102066311,32.42894805147346,0.0,2.670845879344217,0.0,2.0,6.170231601842606,B2AR_Sero_dock.pdb
77,23492,    GENERATED BY OPEN BABEL 2.4.1,        0    0    0    0    0    0    0    0   27    0   27    0,-6.4642833709617245,2.5180000000000002,3.5669999999999997,3.5655115,3.5655115,54.60191644501511,775.7043189100999,0.5757696940109358,40.289672955787815,0.5853850708119708,4.3730383249569265,29.598890290719982,0.0,4.032675243992294,0.0,2.0,5.67979594849595,B2AR_Nmet_dock.pdb
71,5311312,    GENERATED BY OPEN BABEL 2.4.1,        0    0    0    0    0    0    0    0  163    0  163    0,-6.463102337070894,2.8939999999999997,6.818,7.9095902,7.8892198,139.06636841818582,2651.527859124024,2.3477437870484845,58.984987803257106,4.22104865341937,247.94013187370518,1986.0766150939646,3.749226092811965,29.826632677089467,8.775700270620058,39.0,7.088668209457213,B2AR_NeuB_dock.pdb
56,7172,    GENERATED BY OPEN BABEL 2.4.1,        0    0    0    0    0    0    0    0   25    0   25    0,-6.461540356849007,2.574,5.212000000000001,3.940635,3.940635,53.964492132506074,777.5421331454304,0.7232172724947462,35.733543208759066,1.7300553744403977,3.4286630812534664,28.57146880512516,0.0,0.0,0.0,3.0,5.332959846689254,B2AR_Syn_dock.pdb
76,23492,    GENERATED BY OPEN BABEL 2.4.1,        0    0    0    0    0    0    0    0   27    0   27    0,-6.443473683732552,1.723,4.2,4.1958212999999995,4.1958212999999995,58.935605927636395,833.2929066351508,1.1526668168726721,40.75741051140055,0.574303496918083,5.570806884092944,28.385366467232714,0.015529835075287646,4.033803860735632,0.0,2.0,5.848161749250747,B2AR_Nmet_dock.pdb
101,9833444,    GENERATED BY OPEN BABEL 2.4.1,        0    0    0    0    0    0    0    0  140    0  140    0,-6.435605312917121,2.93,8.105,9.476183,9.469968,148.2124567357761,2476.6123573231102,3.240334212508233,38.05596943833082,4.372158889182122,239.51122695476474,1919.7523361488682,5.981798603171307,34.781572511062066,13.664367403291873,34.0,8.127234625541119,B2AR_Chol_dock.pdb
106,9833444,    GENERATED BY OPEN BABEL 2.4.1,        0    0    0    0    0    0    0    0  140    0  140    0,-6.394921562455446,3.492,6.773,9.521461500000001,9.500997,144.2385244266856,2564.488792995481,2.9297965328713786,46.232879106376096,2.7002077337492194,276.0070213659759,1940.0912734289527,9.78269237557534,90.89133417842035,12.033872400874925,34.0,7.469518507104008,B2AR_Chol_dock.pdb
234,439174,    GENERATED BY OPEN BABEL 2.4.1,        0    0    0    0    0    0    0    0   30    0   30    0,-6.387467250289108,0.0,0.0,0.008528613,0.008528613,62.48597796826511,801.3316198294352,2.56711106077507,2.3164464421677784,5.492609539447514,11.920548234569953,47.81847480748434,0.40964581830572205,0.0,1.2897627964691072,3.0,4.2777317734487745,B2AR_CKITL_dock.pdb
211,439260,    GENERATED BY OPEN BABEL 2.4.1,        0    0    0    0    0    0    0    0   23    0   23    0,-6.381394442261449,4.89,6.524,6.510136599999999,6.510136599999999,59.03807084756629,741.3893675336593,1.8078006790442085,19.984757117379807,3.4374458755299835,2.64627646223483,26.380683005465514,0.0,0.0,0.0,2.0,4.8895254408369375,B2AR_Nore_dock.pdb
81,4581,    GENERATED BY OPEN BABEL 2.4.1,        0    0    0    0    0    0    0    0   22    0   22    0,-6.3810676580865415,0.0,0.0,0.23473077,0.23473077,54.55239828547543,754.0652109856437,1.6700341397882923,29.821424898720565,2.812107955555188,4.742252068773421,18.180338017456,0.0024697880176744852,0.0,0.0,2.0,5.214055089410594,B2AR_Octo_dock.pdb
161,5311311,    GENERATED BY OPEN BABEL 2.4.1,        0    0    0    0    0    0    0    0  159    0  159    0,-6.379897388054204,4.6419999999999995,10.99,42.80615,42.802746,154.45626862632906,2625.772539969499,3.0490492189692326,50.369144664279645,3.9318980895685,188.46731218467892,1472.232338087624,4.774769573725191,23.128119972513147,8.731453235449985,38.0,6.9580519098124185,B2AR_NeuA_dock.pdb
173,5816,    GENERATED BY OPEN BABEL 2.4.1,        0    0    0    0    0    0    0    0   26    0   26    0,-6.36284333807266,2.845,3.9019999999999997,3.8999245000000005,3.8999245000000005,61.93166565259689,885.7818786644062,1.9729166805694427,26.43360833548296,2.442165096876502,8.182754795270913,34.44947330223049,0.0903764841066172,0.0,0.0,3.0,5.372504019183432,B2AR_Epi_dock.pdb
48,1150,    GENERATED BY OPEN BABEL 2.4.1,        0    0    0    0    0    0    0    0   24    0   24    0,-6.358252010032127,1.584,2.3280000000000003,3.2397966,3.2397966,51.7917665343725,799.5728232185835,0.5896546741667281,40.43933510421475,0.355151793724782,3.8631546269824666,23.20022533349514,0.0,4.069067880999263,0.0,2.0,5.761019368964367,B2AR_Tryp_dock.pdb
64,5311312,    GENERATED BY OPEN BABEL 2.4.1,        0    0    0    0    0    0    0    0  163    0  163    0,-6.333462560797146,2.799,8.628,7.694567,7.670953,147.25018817715844,2629.132499194552,3.561259073172919,83.35902267471974,3.475950466588923,323.2247813186992,2418.590412608809,10.315557535493983,27.738555777462658,11.050512586462734,39.0,7.51078198146299,B2AR_NeuB_dock.pdb
195,    ***** ,    GENERATED BY OPEN BABEL 2.4.1,        0    0    0    0    0    0    0    0  115    0  115    0,-6.331373911895998,2.947,12.864,12.761249000000001,12.759785,98.97498268026241,2465.2951751987093,2.5394032460219407,54.127392565336244,0.5461222587873525,421.176234544636,3328.8465788670264,14.725869293060873,30.091573544852988,9.019245797018012,27.0,7.132776162559665,B2AR_Soma_dock.pdb
67,5311312,    GENERATED BY OPEN BABEL 2.4.1,        0    0    0    0    0    0    0    0  163    0  163    0,-6.319831430923724,2.072,3.8080000000000003,6.7279515,6.715899,158.29479047096675,2864.9388041138786,4.223303336738465,77.10332541400584,1.9785283669691336,311.64751409030407,2238.8567910511388,12.2836980295358,32.310712971262014,15.034805158434049,39.0,7.620322515984026,B2AR_NeuB_dock.pdb
153,5311311,    GENERATED BY OPEN BABEL 2.4.1,        0    0    0    0    0    0    0    0  159    0  159    0,-6.310170567063892,0.0,0.0,41.057518,41.057518,175.69616957868595,2584.59052871328,4.198760726463485,45.002565322492025,4.58905952281948,237.17985607017428,2059.6882146658068,7.874810763810588,18.930794218447105,14.364128480145519,38.0,7.094748922077928,B2AR_NeuA_dock.pdb
177,5816,    GENERATED BY OPEN BABEL 2.4.1,        0    0    0    0    0    0    0    0   26    0   26    0,-6.299590117788874,4.593999999999999,5.625,5.613315,5.613315,64.25081121688062,756.4107339689218,1.7773765602682028,18.11299928977864,3.5297954896325328,5.5226751569145485,35.23179163379819,0.0066344272247809465,0.0,0.0,3.0,5.16291304621196,B2AR_Epi_dock.pdb
189,    ***** ,    GENERATED BY OPEN BABEL 2.4.1,        0    0    0    0    0    0    0    0  115    0  115    0,-6.254387001147309,0.0,0.0,1.066763,1.066763,87.68052172773285,2354.5390280068664,1.0694028282013506,46.28252120973137,0.23189981714537505,446.36932067112883,3264.4561812673755,12.719306920399802,90.58256538761349,6.528813223033432,27.0,7.3485822150072195,B2AR_Soma_dock.pdb
50,1150,    GENERATED BY OPEN BABEL 2.4.1,        0    0    0    0    0    0    0    0   24    0   24    0,-6.232754616122662,2.645,5.649,6.4286947,6.4286947,58.90192996771609,705.4199958303258,1.0744150366516931,39.875999266875546,1.2401568609777376,3.880495480544031,23.172530439310822,0.0,4.0691490541465285,0.0,2.0,5.458072537518034,B2AR_Tryp_dock.pdb
197,    ***** ,    GENERATED BY OPEN BABEL 2.4.1,        0    0    0    0    0    0    0    0  115    0  115    0,-6.208790731605649,19.955,27.805,27.629423,27.628843,120.71188834332813,2126.3732200182367,2.9022292684357223,78.01016739372389,0.7595610934011798,398.5195865312134,3181.289250233757,12.23406917706342,23.45504217443493,7.729585483315897,27.0,7.245239431124434,B2AR_Soma_dock.pdb
57,7172,    GENERATED BY OPEN BABEL 2.4.1,        0    0    0    0    0    0    0    0   25    0   25    0,-6.208647282271983,2.89,3.536,2.1287813,1.6252615,56.79022501762461,804.541086599154,1.2870657752737358,33.454334485948294,1.7580732088667732,4.003238716072397,28.84093306926557,0.0,0.0,0.0,3.0,5.347181725477132,B2AR_Syn_dock.pdb
210,439260,    GENERATED BY OPEN BABEL 2.4.1,        0    0    0    0    0    0    0    0   23    0   23    0,-6.184548004412424,3.237,4.784,4.7930307,4.7930307,51.38357017157903,770.3856611237578,1.6391179603042154,26.73707913763537,2.6270572748661207,4.43299567409183,24.996306946069726,0.0,0.0,0.0,2.0,4.970128147907646,B2AR_Nore_dock.pdb
79,23492,    GENERATED BY OPEN BABEL 2.4.1,        0    0    0    0    0    0    0    0   27    0   27    0,-6.147411506753242,1.585,2.385,2.4054613,2.4054613,51.17502822332072,801.4694871806703,1.168304025734278,40.966880137747566,0.7711805506350077,3.9672936044006017,29.882140376742388,0.0,4.032121377543668,0.0,2.0,5.939096880952388,B2AR_Nmet_dock.pdb
58,7172,    GENERATED BY OPEN BABEL 2.4.1,        0    0    0    0    0    0    0    0   25    0   25    0,-6.1454667391257844,3.025,5.172999999999999,3.611935,3.4815587999999997,52.38385498377902,764.3691234014141,1.3026924774914121,33.336621607206375,2.2813160142221025,3.642887914476294,28.88041043214067,0.0,0.0,0.0,3.0,5.29903420166761,B2AR_Syn_dock.pdb
178,5816,    GENERATED BY OPEN BABEL 2.4.1,        0    0    0    0    0    0    0    0   26    0   26    0,-6.125411264920567,3.74,5.146,5.139374299999999,5.139374299999999,48.7100347927101,860.3875961800243,0.4556168923623178,17.025361064742633,1.3830864109311811,5.062211038007514,37.37996702700017,0.0,0.0,0.0,3.0,5.275441180799593,B2AR_Epi_dock.pdb
107,9833444,    GENERATED BY OPEN BABEL 2.4.1,        0    0    0    0    0    0    0    0  140    0  140    0,-6.113076546839474,2.523,6.082999999999999,8.342871,8.342871,118.72694368211306,2390.9431306567317,2.557564048652569,42.632732983134154,4.020417244278315,296.2098667333437,1908.6860315493127,9.725311822161409,77.94915360859183,15.09368247648638,34.0,7.889334249417249,B2AR_Chol_dock.pdb
156,5311311,    GENERATED BY OPEN BABEL 2.4.1,        0    0    0    0    0    0    0    0  159    0  159    0,-6.098724927677687,3.929,8.823,42.258144,42.25739,131.23466882469563,2453.647051228833,2.1119297446400003,67.21438457088743,2.9611814897183937,291.81959819953045,1835.2986199948261,9.569553052915397,19.506807466435585,15.156252634396925,38.0,6.966331887445892,B2AR_NeuA_dock.pdb
84,4581,    GENERATED BY OPEN BABEL 2.4.1,        0    0    0    0    0    0    0    0   22    0   22    0,-6.094047483759492,3.16,5.851,5.8691583,5.686185,53.31117654047655,694.455982108243,1.4662896800722385,24.04375841187008,2.9191272535671096,2.770341947307899,19.03787150088604,0.0,0.0,0.0,2.0,4.727067037462533,B2AR_Octo_dock.pdb
80,23492,    GENERATED BY OPEN BABEL 2.4.1,        0    0    0    0    0    0    0    0   27    0   27    0,-6.027310333108439,2.032,5.473,5.484431,5.484431,51.762851422707435,804.3343864603211,1.7942523325294466,36.235403974311545,1.660463334113944,5.4595295991633375,28.877558365435767,0.0,4.032347377248536,0.0,2.0,5.8436021018426025,B2AR_Nmet_dock.pdb
51,1150,    GENERATED BY OPEN BABEL 2.4.1,        0    0    0    0    0    0    0    0   24    0   24    0,-6.0164217976299605,9.692,11.124,10.314627,10.314627,48.39065521596804,706.4410169993017,1.0508220458776063,27.389997023724064,2.169849740293496,3.8079149831785695,22.893516608352343,0.0,4.068586472157151,0.0,2.0,5.7063964720834734,B2AR_Tryp_dock.pdb
59,7172,    GENERATED BY OPEN BABEL 2.4.1,        0    0    0    0    0    0    0    0   25    0   25    0,-6.0111871375640495,3.84,5.257999999999999,2.5326657000000004,2.5326657000000004,48.139176783100844,798.687512150167,0.4735852388198433,23.665608567847986,1.3599948277861895,5.640718348423351,28.202588545682072,0.0010283646640112847,0.0,0.0,3.0,5.1433671051530165,B2AR_Syn_dock.pdb
212,439260,    GENERATED BY OPEN BABEL 2.4.1,        0    0    0    0    0    0    0    0   23    0   23    0,-6.003448080412888,4.54,5.645,5.645779599999999,5.645779599999999,46.86946502674553,748.8432555192136,0.7672758444999561,19.708284745869374,1.9182593989605812,3.098312042698652,25.98274152132145,0.0,0.0,0.0,2.0,4.6553127720057645,B2AR_Nore_dock.pdb
60,7172,    GENERATED BY OPEN BABEL 2.4.1,        0    0    0    0    0    0    0    0   25    0   25    0,-5.965857132645624,4.187,5.6129999999999995,5.614993599999999,5.614993599999999,52.357183562277285,767.8078540016706,0.7996450158963112,23.88203497247428,1.738506275601862,4.080961611779307,28.766833872763602,0.0,0.0,0.0,3.0,5.13438892616534,B2AR_Syn_dock.pdb
214,439260,    GENERATED BY OPEN BABEL 2.4.1,        0    0    0    0    0    0    0    0   23    0   23    0,-5.946122245004996,38.634,39.865,39.8662,39.8662,57.12544171957824,686.2647670842741,2.829591257789186,10.331354614159741,5.249152868628023,5.3610233535782665,23.743577301368518,0.08228281692265749,0.0,0.0,2.0,4.453237412698411,B2AR_Nore_dock.pdb
235,439174,    GENERATED BY OPEN BABEL 2.4.1,        0    0    0    0    0    0    0    0   30    0   30    0,-5.9365438332702425,45.347,47.285,47.284065000000005,47.284065000000005,49.63406648985024,884.9390606877772,1.7577735613306151,4.9626323335742555,3.3177007707509936,11.833086718891687,47.99901808349897,0.33001316790032764,0.0,0.9688001016934096,3.0,4.243323708902208,B2AR_CKITL_dock.pdb
134,5202,    GENERATED BY OPEN BABEL 2.4.1,        0    0    0    0    0    0    0    0   25    0   25    0,-5.931405989124304,6.791,8.82,8.820308,8.820308,57.94235459465939,748.7968272325309,0.9772590196082452,28.393457873176594,0.8911895108765628,5.938952176406053,31.055260259100862,0.11747038892026658,2.6713890654528054,0.0,2.0,5.3346069539904555,B2AR_Sero_dock.pdb
193,    ***** ,    GENERATED BY OPEN BABEL 2.4.1,        0    0    0    0    0    0    0    0  115    0  115    0,-5.916077534171749,16.329,20.283,20.171679,20.165644,92.4728110874637,2172.355541846615,0.7761680737743395,35.50008636948034,0.2811984312699734,390.2826970040597,3316.9180608615834,10.702156296207397,27.795415147127137,6.06939255723725,27.0,7.326651881118889,B2AR_Soma_dock.pdb
157,5311311,    GENERATED BY OPEN BABEL 2.4.1,        0    0    0    0    0    0    0    0  159    0  159    0,-5.914171805286911,1.525,2.254,41.078884,41.075924,159.4899400344334,2622.836571024135,5.18777315890515,43.747682859901055,4.551759696468746,226.34316797746413,2169.4431380436818,7.9871445824600675,12.857790867157972,11.054508385966397,38.0,7.6046419675324675,B2AR_NeuA_dock.pdb
236,439174,    GENERATED BY OPEN BABEL 2.4.1,        0    0    0    0    0    0    0    0   30    0   30    0,-5.89018050845818,46.198,48.075,48.07447,48.07447,48.79910946738308,836.8717761434352,1.9109469935527192,5.239086254498338,3.9006883693441563,11.803410462997391,47.9460309541125,0.3678609439281164,0.0,1.0828324476845808,3.0,4.321081857586859,B2AR_CKITL_dock.pdb
191,    ***** ,    GENERATED BY OPEN BABEL 2.4.1,        0    0    0    0    0    0    0    0  115    0  115    0,-5.886142826411268,22.124000000000002,30.730999999999998,30.584713,30.580606,105.28017690413886,2054.00438908635,2.3017553462353653,78.92145202543203,0.0,455.68920795492147,3258.2742835914205,12.959858219234887,27.96405967068514,6.662065667115242,27.0,7.238669868131871,B2AR_Soma_dock.pdb
237,439174,    GENERATED BY OPEN BABEL 2.4.1,        0    0    0    0    0    0    0    0   30    0   30    0,-5.86086447056645,48.528,49.787,49.786182000000004,49.786182000000004,45.570914288055846,774.2956745019551,1.9792699356968972,7.38689763178326,4.557176482411903,11.41817785836651,47.906318005369634,0.05120086208714002,0.0,0.0,3.0,4.309719536130538,B2AR_CKITL_dock.pdb
218,681,    GENERATED BY OPEN BABEL 2.4.1,        0    0    0    0    0    0    0    0   22    0   22    0,-5.856502833751862,0.8420000000000001,1.082,1.0795267,1.0795267,47.58348157602514,730.079100889488,0.5859768346456309,30.20583177399364,0.8731335714475812,3.979916755406975,18.93404685930527,0.0,0.0,0.0,2.0,5.0830901751581745,B2AR_Dop_dock.pdb
196,    ***** ,    GENERATED BY OPEN BABEL 2.4.1,        0    0    0    0    0    0    0    0  115    0  115    0,-5.853247691910216,2.318,3.593,3.6175167999999998,3.5698233,111.45424744638123,2132.98719537996,2.495337052734143,50.2598517898955,0.7775632206166718,457.39997896998426,3327.6284462247413,13.858160962665295,40.6442515516184,7.13074613531378,27.0,7.1049377748917815,B2AR_Soma_dock.pdb
215,439260,    GENERATED BY OPEN BABEL 2.4.1,        0    0    0    0    0    0    0    0   23    0   23    0,-5.853069861002376,5.8,6.609,6.610143700000001,6.610143700000001,47.300796725380756,727.6706905679764,0.8926741568458998,19.338712771075574,1.9936071234602093,4.603034861851328,25.353396647480274,0.00031654716152596765,0.0,0.0,2.0,4.3900227142857124,B2AR_Nore_dock.pdb
219,681,    GENERATED BY OPEN BABEL 2.4.1,        0    0    0    0    0    0    0    0   22    0   22    0,-5.84072479168521,0.97,2.18,2.179241,2.179241,46.2532235782036,714.4171044587874,0.4107771486487812,33.21740456553394,0.6306720247627304,4.860976639038533,18.67569182616159,0.04848653766267981,0.0,0.0,2.0,5.084236100843599,B2AR_Dop_dock.pdb
78,23492,    GENERATED BY OPEN BABEL 2.4.1,        0    0    0    0    0    0    0    0   27    0   27    0,-5.839166979487286,5.697,8.163,8.185946000000001,8.185946000000001,54.112795382610656,743.2600994505135,0.8145654634455792,33.7382026386618,0.4441839250067537,5.529390749524431,28.317333671913037,0.02734091721726447,4.0347511144112165,0.0,2.0,5.3711348923298905,B2AR_Nmet_dock.pdb
62,7172,    GENERATED BY OPEN BABEL 2.4.1,        0    0    0    0    0    0    0    0   25    0   25    0,-5.819056620724636,4.8069999999999995,6.223,6.1767554,6.020676,51.214395736056716,752.4634828406034,0.9248091865582124,26.933092298613467,1.6453921210021143,6.305756284753526,28.26036625796092,0.0,0.0,0.0,3.0,5.142058716208629,B2AR_Syn_dock.pdb
53,1150,    GENERATED BY OPEN BABEL 2.4.1,        0    0    0    0    0    0    0    0   24    0   24    0,-5.799158614569813,5.635,7.494,8.253961,8.253961,45.302731063355814,683.8184775780014,0.4770578119204865,32.69270952528096,1.0044191822698,9.465700948590118,16.987145185947085,0.0275786407342054,4.066200006656569,0.0,2.0,5.2037848224553205,B2AR_Tryp_dock.pdb
238,439174,    GENERATED BY OPEN BABEL 2.4.1,        0    0    0    0    0    0    0    0   30    0   30    0,-5.79623286475483,47.042,49.031000000000006,49.03042,49.03042,48.088817970406005,862.7938043091881,1.30380230468293,2.5548388302719123,2.8194427181065707,12.259076681302659,48.24691807044096,0.3618976028734688,0.0,1.1842091572495421,3.0,4.335841822899327,B2AR_CKITL_dock.pdb
160,5311311,    GENERATED BY OPEN BABEL 2.4.1,        0    0    0    0    0    0    0    0  159    0  159    0,-5.764667092732117,2.889,8.043,41.365707,41.365707,124.77256162001291,2658.237761274903,2.7717256796368948,34.50194895640957,2.6206868152464695,275.17066171353093,2008.0981317782293,11.960649535409178,19.319918486400407,15.660885459496935,38.0,7.154219999445004,B2AR_NeuA_dock.pdb
221,681,    GENERATED BY OPEN BABEL 2.4.1,        0    0    0    0    0    0    0    0   22    0   22    0,-5.7641405508913675,2.072,2.932,2.9262629000000002,2.9262629000000002,44.08545235628152,684.7199707500171,1.0141877577981249,27.634153626520373,2.074798580326247,4.926500618034574,17.401317871127098,0.06749518094703058,0.0,0.0,2.0,5.115326374236873,B2AR_Dop_dock.pdb
85,4581,    GENERATED BY OPEN BABEL 2.4.1,        0    0    0    0    0    0    0    0   22    0   22    0,-5.755746154644541,4.295,7.188,7.176141,7.060559700000001,49.54241048044322,662.4890916799201,0.8925103964217355,21.141975134720468,2.137377060189701,3.6835133304228167,19.06303707201579,0.0,0.0,0.0,2.0,4.553895308247303,B2AR_Octo_dock.pdb
158,5311311,    GENERATED BY OPEN BABEL 2.4.1,        0    0    0    0    0    0    0    0  159    0  159    0,-5.751564994796392,2.641,7.04,41.38878,41.387558,138.6722083802243,2476.2299648673998,3.300200230202673,51.90616572779531,3.0212581218085823,281.3135729370393,2104.7727577756077,9.837978109116406,24.373151703260174,16.479691098658787,38.0,7.493321248196251,B2AR_NeuA_dock.pdb
192,    ***** ,    GENERATED BY OPEN BABEL 2.4.1,        0    0    0    0    0    0    0    0  115    0  115    0,-5.7255872516109765,3.5260000000000002,7.306,7.3406167,7.327416,108.50985430601595,1854.1762401287704,0.9508397392434468,52.112193920939376,0.5250757708882675,432.2855560903421,3289.315273150876,11.684308645887556,53.17899833904357,6.597895461183857,27.0,6.943046154623161,B2AR_Soma_dock.pdb
179,5816,    GENERATED BY OPEN BABEL 2.4.1,        0    0    0    0    0    0    0    0   26    0   26    0,-5.6707150772465305,3.0780000000000003,5.13,5.1251964999999995,5.1251964999999995,60.40083185194565,816.0340272409203,1.1107668768652432,22.431416049704648,0.7676692538893581,5.139085766283462,37.69938023441037,0.0,0.0,0.0,3.0,5.279925630294543,B2AR_Epi_dock.pdb
86,4581,    GENERATED BY OPEN BABEL 2.4.1,        0    0    0    0    0    0    0    0   22    0   22    0,-5.654862496404919,2.7760000000000002,4.048,3.9693623,3.7039572999999995,48.250416902422245,698.1693882695471,0.5331805705959619,24.42503866468947,0.9996002477976272,3.2748493756001187,18.84474417938879,0.0,0.0,0.0,2.0,4.6736852957597925,B2AR_Octo_dock.pdb
240,439174,    GENERATED BY OPEN BABEL 2.4.1,        0    0    0    0    0    0    0    0   30    0   30    0,-5.647201813167884,45.986000000000004,47.953,47.951029999999996,47.951029999999996,43.11744978317506,818.3760461747772,1.4013848530503419,4.7036955120061625,3.2241016778992115,11.755093700301758,47.660450418160714,0.5196527675229603,0.0,1.375515778875794,3.0,4.653948631368631,B2AR_CKITL_dock.pdb
222,681,    GENERATED BY OPEN BABEL 2.4.1,        0    0    0    0    0    0    0    0   22    0   22    0,-5.64149899352994,2.198,3.2030000000000003,3.1999133,3.1999133,35.92777324322441,705.8576230764846,0.5664354369862619,27.363331255555302,1.5258145711038529,5.233368047868488,17.969818504953643,0.0,0.0,0.0,2.0,5.107641327672326,B2AR_Dop_dock.pdb
239,439174,    GENERATED BY OPEN BABEL 2.4.1,        0    0    0    0    0    0    0    0   30    0   30    0,-5.632567972119029,44.755,46.714,46.71249,46.71249,45.117967378444824,788.0861506265957,2.4166625469856755,1.00515548362847,5.01375648605223,11.530543927600878,47.43575994880486,0.6135563178317559,0.0,1.569213029754647,3.0,4.681521275613276,B2AR_CKITL_dock.pdb
242,439174,    GENERATED BY OPEN BABEL 2.4.1,        0    0    0    0    0    0    0    0   30    0   30    0,-5.618895830617805,44.04,46.005,46.002734999999994,46.002734999999994,36.408961833957314,866.1373568311319,1.215969253169096,5.138753750204644,2.8630803447760917,12.625336881842511,48.10953694293844,0.274079238121263,0.0,0.8166141042629288,3.0,4.712673813908316,B2AR_CKITL_dock.pdb
213,439260,    GENERATED BY OPEN BABEL 2.4.1,        0    0    0    0    0    0    0    0   23    0   23    0,-5.613819438709136,7.37,8.63,8.616024000000001,8.616024000000001,49.814961055620486,713.4679206044515,0.9210810207643442,16.03790620318384,1.74873386516072,4.802547771934791,23.99181437941927,0.04696912661931185,0.0,0.0,2.0,4.363766642468638,B2AR_Nore_dock.pdb
194,    ***** ,    GENERATED BY OPEN BABEL 2.4.1,        0    0    0    0    0    0    0    0  115    0  115    0,-5.603110909313089,20.238,27.456999999999997,27.292071999999997,27.291012,94.88616418595555,1869.7938215681727,1.7098791895598546,81.57947423053008,0.0,425.5462446308654,3293.9527716453695,11.614976105205535,46.22552474173476,8.330374625996349,27.0,7.185506577256078,B2AR_Soma_dock.pdb
49,1150,    GENERATED BY OPEN BABEL 2.4.1,        0    0    0    0    0    0    0    0   24    0   24    0,-5.601515620802839,3.385,5.494,4.419779,4.419779,53.586873472853185,699.3334266753498,1.835601483116572,47.157841108402955,1.0686623408370854,9.185782767082095,17.96291759278217,0.0,4.07045887930061,0.0,2.0,5.771712104395603,B2AR_Tryp_dock.pdb
241,439174,    GENERATED BY OPEN BABEL 2.4.1,        0    0    0    0    0    0    0    0   30    0   30    0,-5.596438670027702,47.724,49.607,49.60621,49.60621,37.311084941076224,832.9709707307837,1.4450496799189017,1.368968451508481,3.6081767669988705,12.055457940347367,48.0009893046047,0.27262060411191474,0.0,1.0077204813324732,3.0,4.283016533133536,B2AR_CKITL_dock.pdb
220,681,    GENERATED BY OPEN BABEL 2.4.1,        0    0    0    0    0    0    0    0   22    0   22    0,-5.5818840908136975,6.996,8.262,8.258098,8.258098,54.09428644755345,667.763809064435,0.6261452176508923,23.628818452592316,0.9542370226137528,3.888063735343605,18.842406490035145,0.0,0.0,0.0,2.0,4.51263667404817,B2AR_Dop_dock.pdb
223,681,    GENERATED BY OPEN BABEL 2.4.1,        0    0    0    0    0    0    0    0   22    0   22    0,-5.5559637897492875,7.803999999999999,9.142999999999999,9.137919,9.137919,36.59271118876791,603.0519033298582,2.0075192823170567,19.55339274483923,4.7556308781094,4.202550089920559,19.27235928558284,0.0,0.0,0.0,2.0,4.79245042207792,B2AR_Dop_dock.pdb
52,1150,    GENERATED BY OPEN BABEL 2.4.1,        0    0    0    0    0    0    0    0   24    0   24    0,-5.452899493127087,9.478,11.065999999999999,9.300086,9.300086,45.54012128533847,690.603130143198,1.283055148693691,29.388412507772106,1.6224553839964306,6.4498192658364895,20.87474370524892,0.0,4.071287339804835,0.0,2.0,5.7474293536463525,B2AR_Tryp_dock.pdb
61,7172,    GENERATED BY OPEN BABEL 2.4.1,        0    0    0    0    0    0    0    0   25    0   25    0,-5.423691132949745,3.1660000000000004,5.022,3.3017936000000003,3.3017936000000003,56.84449708574787,750.6479566036077,1.6686705655676473,31.425918026582316,1.3239777287887078,4.653127281426136,27.662093514171914,0.010744791641789505,0.0,0.0,3.0,5.26866733248124,B2AR_Syn_dock.pdb
117,33032,    GENERATED BY OPEN BABEL 2.4.1,        0    0    0    0    0    0    0    0   19    0   19    0,-5.3895031425421775,0.0,0.0,5.367066400000001,5.367066400000001,56.66752813317915,670.7217841138687,2.047878355016276,5.210501231632232,4.616163024381072,3.4999041871227927,19.524522422949996,0.0,0.0,0.0,4.0,4.9178823910533875,B2AR_Glut_dock.pdb
88,4581,    GENERATED BY OPEN BABEL 2.4.1,        0    0    0    0    0    0    0    0   22    0   22    0,-5.344992915378709,3.9530000000000003,5.6979999999999995,5.624211,5.439007,45.51392340000679,651.30319687803,0.816364705553628,27.683417848391823,1.198288422033453,4.632992358793512,17.339307173596435,0.0,0.0,0.0,2.0,4.564371411199909,B2AR_Octo_dock.pdb
89,4581,    GENERATED BY OPEN BABEL 2.4.1,        0    0    0    0    0    0    0    0   22    0   22    0,-5.335843151526558,8.48,11.419,11.372912,11.372912,37.921551045183904,684.3244633067602,0.8333531126027017,14.10418007778336,2.187351356456233,4.596544987324655,18.433344094554567,0.0,0.0,0.0,2.0,4.31701201703852,B2AR_Octo_dock.pdb
224,681,    GENERATED BY OPEN BABEL 2.4.1,        0    0    0    0    0    0    0    0   22    0   22    0,-5.29559945861646,6.928999999999999,8.219,8.214903999999999,8.214903999999999,50.60108882672525,652.9502386274872,0.5790995220861691,21.542814041133298,0.8089496208414575,4.130427654546967,19.52730403360791,0.0,0.0,0.0,2.0,4.546802454878448,B2AR_Dop_dock.pdb
120,33032,    GENERATED BY OPEN BABEL 2.4.1,        0    0    0    0    0    0    0    0   19    0   19    0,-5.1156897025939285,3.0260000000000002,4.496,2.6591009999999997,2.6591009999999997,48.06145115211942,681.4837126180398,1.0299493046594814,12.021736891574795,2.6039385449677352,10.06838620474749,11.443615796550846,0.5150031913679605,0.0,1.095367586069264,4.0,4.639906190476185,B2AR_Glut_dock.pdb
118,33032,    GENERATED BY OPEN BABEL 2.4.1,        0    0    0    0    0    0    0    0   19    0   19    0,-5.107187250509081,2.365,4.927,4.0734425000000005,4.0734425000000005,46.92020311507167,690.0556430171561,1.4727714373163006,14.491427969959155,3.065931182049837,12.307956880715844,10.671571196404006,0.3269847991755227,0.0,0.5416283895498529,4.0,4.633282563492055,B2AR_Glut_dock.pdb
87,4581,    GENERATED BY OPEN BABEL 2.4.1,        0    0    0    0    0    0    0    0   22    0   22    0,-4.9735459013549566,5.335,7.029,6.9422398,6.9422398,40.16456508727616,637.7555419817301,1.4587792774200354,22.369012634553137,2.1720543571392548,6.1396013889286944,16.586273060532648,0.008552108792681722,0.0,0.0,2.0,4.536329529304028,B2AR_Octo_dock.pdb
121,33032,    GENERATED BY OPEN BABEL 2.4.1,        0    0    0    0    0    0    0    0   19    0   19    0,-4.874426354093663,2.385,2.78,3.7998529999999997,3.7998529999999997,49.875723527496355,656.8715701983377,1.0479842741366363,11.43771072392146,2.2638027342664726,12.829896729731793,10.715858585166512,0.7004145529099871,0.0,1.8459121275058696,4.0,4.721883715007213,B2AR_Glut_dock.pdb
119,33032,    GENERATED BY OPEN BABEL 2.4.1,        0    0    0    0    0    0    0    0   19    0   19    0,-4.822882482049856,42.132,43.021,41.168175,41.168175,48.42556689919545,555.6200615786523,2.2227431791556422,13.964360474344936,4.663445487791398,12.761221141107313,10.566762967952318,0.7612221220267694,0.0,1.5118684629861412,4.0,4.270826763736266,B2AR_Glut_dock.pdb
124,33032,    GENERATED BY OPEN BABEL 2.4.1,        0    0    0    0    0    0    0    0   19    0   19    0,-4.765389083099625,7.46,8.58,6.631811999999999,6.631811999999999,38.276135905265946,582.5200483243761,1.715131265721353,12.36911691164955,4.2906482122158875,12.930193665214329,9.628820199015523,0.5080865642181541,0.0,1.1134733345004555,4.0,4.522420889665885,B2AR_Glut_dock.pdb
225,119,    GENERATED BY OPEN BABEL 2.4.1,        0    0    0    0    0    0    0    0   16    0   16    0,-4.680992528278952,0.0,0.0,0.015329996,0.015329996,46.617082198992385,534.823752582413,1.800617474437871,10.603947039126316,3.7880207237427705,5.588092422023064,1.6156874929562115,0.3474763278874116,0.0,0.8298277806789426,3.0,4.523866406926408,B2AR_GABA_dock.pdb
125,33032,    GENERATED BY OPEN BABEL 2.4.1,        0    0    0    0    0    0    0    0   19    0   19    0,-4.6651488414874605,3.8310000000000004,6.087000000000001,8.415547,8.415547,50.071456096298895,595.6730148876826,0.7780626157553356,10.869513925275076,1.9976656473665624,9.980896282844128,14.144433312159858,0.3221912570172495,0.0,1.1436663120918389,4.0,4.482511998557,B2AR_Glut_dock.pdb
123,33032,    GENERATED BY OPEN BABEL 2.4.1,        0    0    0    0    0    0    0    0   19    0   19    0,-4.628182586995388,7.183,9.226,11.438164,11.438164,47.15019994289914,622.1109577654356,1.3986500900851382,7.792672689945755,2.936764764173548,7.9088200683134735,11.387459843648625,0.3730213261829916,0.0,0.7683508358623672,4.0,4.428756006493508,B2AR_Glut_dock.pdb
122,33032,    GENERATED BY OPEN BABEL 2.4.1,        0    0    0    0    0    0    0    0   19    0   19    0,-4.472807709252028,9.291,10.665999999999999,13.251848,13.251848,42.09213342206701,569.3086916297991,2.0432240831424093,4.576269732674729,4.495763333567965,15.748532047598836,8.662950085668623,0.6698109500936593,0.0,1.7019134577618191,4.0,4.507485792429794,B2AR_Glut_dock.pdb
226,119,    GENERATED BY OPEN BABEL 2.4.1,        0    0    0    0    0    0    0    0   16    0   16    0,-4.199014512835486,15.282,15.87,15.868896,15.868896,37.681454612146275,487.1666887384607,1.3286175366342383,12.683359140494693,2.983908835939774,4.132183904659905,2.9764215560649063,0.03674306012491583,0.0,0.0,3.0,4.819687200577197,B2AR_GABA_dock.pdb
229,119,    GENERATED BY OPEN BABEL 2.4.1,        0    0    0    0    0    0    0    0   16    0   16    0,-4.169432661345354,55.596000000000004,56.336999999999996,56.334965000000004,56.334965000000004,42.05320547386988,399.8049649734215,0.9284797347397576,14.834201262057462,2.72627405819765,3.2047554207284508,3.4950342564155683,0.0,0.0,0.0,3.0,4.112453203407706,B2AR_GABA_dock.pdb
227,119,    GENERATED BY OPEN BABEL 2.4.1,        0    0    0    0    0    0    0    0   16    0   16    0,-4.166843925114941,15.475999999999999,16.132,16.130346,16.130346,38.951306719293925,488.57491096386207,1.4915232256626354,13.874179153904786,2.9920064658377816,4.6991263734130255,1.9670546010340764,0.4860477418122178,0.0,0.9751103264821916,3.0,4.7122621904761886,B2AR_GABA_dock.pdb
199,774,    GENERATED BY OPEN BABEL 2.4.1,        0    0    0    0    0    0    0    0   17    0   17    0,-4.163636580277914,41.901,43.666000000000004,3.61694,3.61694,40.45459318217892,512.2116600028074,1.232861598642809,5.360366200698434,2.4106324812364885,2.1181753818934537,3.4787783520946305,0.5465627343793592,0.0,0.0,2.0,4.743071998446003,B2AR_Hist_dock.pdb
231,119,    GENERATED BY OPEN BABEL 2.4.1,        0    0    0    0    0    0    0    0   16    0   16    0,-4.137350066979983,14.732999999999999,15.148,15.145241,15.145241,38.78218991178388,475.2906198629066,0.7226513407650597,14.376933305968619,1.929652830640574,0.06212308720571219,5.5304142259834315,0.0,0.0,0.0,3.0,4.60270618253968,B2AR_GABA_dock.pdb
205,774,    GENERATED BY OPEN BABEL 2.4.1,        0    0    0    0    0    0    0    0   17    0   17    0,-4.0682696884601794,46.613,47.477,12.02567,12.02567,27.557260412393923,502.1399999018436,1.4719967549067658,1.4777778388839367,3.674248115523238,2.1346615700691287,3.5528403328297893,0.4624626228152018,0.0,0.0,2.0,4.742444974081473,B2AR_Hist_dock.pdb
202,774,    GENERATED BY OPEN BABEL 2.4.1,        0    0    0    0    0    0    0    0   17    0   17    0,-4.041657304483042,1.7730000000000001,2.725,41.88831,41.88831,38.546676092879075,486.4474799531639,1.1684099494842957,7.677475108977338,2.2899242331932563,2.6753897485157894,3.0445241382019628,0.7929052330049837,0.0,0.0,2.0,3.9820176885891887,B2AR_Hist_dock.pdb
200,774,    GENERATED BY OPEN BABEL 2.4.1,        0    0    0    0    0    0    0    0   17    0   17    0,-3.9928143017451565,41.528,43.238,0.10804458,0.10804458,43.78681939560561,534.5614794384908,1.0246134904556587,3.736079924575777,1.4861405405337504,2.8495834985062705,4.639604462337765,0.0,0.0,0.0,2.0,4.694992631202137,B2AR_Hist_dock.pdb
198,774,    GENERATED BY OPEN BABEL 2.4.1,        0    0    0    0    0    0    0    0   17    0   17    0,-3.980598845228489,0.0,0.0,43.327354,43.327354,53.032990820768525,443.90797473522383,2.0771399446088368,5.073210536602219,3.1252421650831232,2.497568987894469,3.63614983445064,0.17833992243204808,0.0,0.0,2.0,3.899921755189256,B2AR_Hist_dock.pdb
230,119,    GENERATED BY OPEN BABEL 2.4.1,        0    0    0    0    0    0    0    0   16    0   16    0,-3.9764009463561787,14.376,14.888,14.886320000000001,14.886320000000001,36.044749552820775,446.2278915149059,0.5629560305388496,19.887309836603773,1.4708156704125996,4.60821031744348,2.1445364061245633,0.453150154340769,0.0,1.1749722158589648,3.0,4.463168475468975,B2AR_GABA_dock.pdb
232,119,    GENERATED BY OPEN BABEL 2.4.1,        0    0    0    0    0    0    0    0   16    0   16    0,-3.9366224570177537,15.339,15.921,15.918957,15.918957,38.903440922449754,489.06741667878333,0.6008469535335484,13.740428785001042,1.262984194100989,0.24965350295023025,5.738284074484454,0.0,0.0,0.0,3.0,4.5677980779220775,B2AR_GABA_dock.pdb
203,774,    GENERATED BY OPEN BABEL 2.4.1,        0    0    0    0    0    0    0    0   17    0   17    0,-3.9335803755666316,42.075,43.88399999999999,6.706963000000001,6.706963000000001,31.76177812853237,471.50901451059264,1.2635287691876862,4.98321197282372,2.9242877157224214,2.1057152750897967,3.521223482412277,0.4903151105691004,0.0,0.0,2.0,4.734300899267397,B2AR_Hist_dock.pdb
206,774,    GENERATED BY OPEN BABEL 2.4.1,        0    0    0    0    0    0    0    0   17    0   17    0,-3.8378650449431624,40.53,42.168,1.9020263,1.9020263,43.76392816189714,555.4688826578641,0.3634139806270971,4.784835380346322,0.0,1.2553370942233362,5.800531157073287,0.0,0.0,0.0,2.0,4.609090740870246,B2AR_Hist_dock.pdb
228,119,    GENERATED BY OPEN BABEL 2.4.1,        0    0    0    0    0    0    0    0   16    0   16    0,-3.809046902309897,15.192,15.74,15.737517,15.737517,36.97974231173399,473.2212426761826,0.5386957615608247,11.187833605221654,1.3271646939118646,4.888928193819563,2.2057802242458444,0.3657576993745549,0.0,1.1306111063177278,3.0,4.644822235930734,B2AR_GABA_dock.pdb
201,774,    GENERATED BY OPEN BABEL 2.4.1,        0    0    0    0    0    0    0    0   17    0   17    0,-3.7930396946598464,3.014,5.684,40.445774,40.445774,44.96029094057904,482.68990111774485,1.1693938760911924,3.2472735574673264,1.7272072329341903,2.741807648584716,2.8897363478627818,0.6441388139808373,0.0,0.0,2.0,4.118689706293705,B2AR_Hist_dock.pdb
204,774,    GENERATED BY OPEN BABEL 2.4.1,        0    0    0    0    0    0    0    0   17    0   17    0,-3.723068315862087,49.731,50.376000000000005,9.92057,9.92057,35.07329886059525,471.3603078735741,1.5123278001647351,1.907861376868804,2.8641023825611587,2.5969679794258167,3.5220841155289846,0.31292640155011514,0.0,0.0,2.0,4.509250951936951,B2AR_Hist_dock.pdb
233,119,    GENERATED BY OPEN BABEL 2.4.1,        0    0    0    0    0    0    0    0   16    0   16    0,-3.721256518286133,11.729000000000001,12.241,12.237802,12.237802,24.09947804799425,411.7655587225777,1.4195475220689855,9.617026866003195,3.827167991941207,4.824415400783559,2.1855376158554867,0.3900168317812627,0.0,1.151317001732692,3.0,4.710890503607502,B2AR_GABA_dock.pdb
